ID USUARIO,ID PRODUTO,QUANTIDADE,DATA DE COMPRA,DATA DE PAGAMENTO,DATA DE ENVIO,DATA DE ENTREGA
248,5,8,2020/4/5 14:28,2023/10/18 20:51,2023/10/27 21:58,2024/10/29 23:59
111,2,6,2019/1/8 18:19,2019/1/14 22:43,2019/9/29 22:45,2020/10/29 23:45
258,1,10,2023/1/9 16:33,2024/3/13 20:58,2024/5/24 23:58,2024/6/28 23:59
687,5,8,2023/4/22 14:44,2024/11/24 16:48,2024/11/30 16:54,2024/11/30 20:56
234,7,7,2022/10/11 18:29,2023/10/28 22:37,2023/12/29 23:57,2024/12/29 23:58
2,5,2,2024/2/11 18:53,2024/11/23 18:56,2024/11/26 18:57,2024/12/26 22:57
694,3,1,2024/9/30 11:51,2024/9/30 21:55,2024/9/30 23:59,2024/12/30 23:59
315,2,9,2020/1/30 14:27,2022/6/30 22:47,2023/7/30 22:57,2023/11/30 22:58
96,6,5,2022/11/16 23:19,2023/11/21 23:57,2023/11/24 23:58,2023/12/24 23:58
672,3,5,2021/2/9 12:28,2023/6/29 21:33,2024/6/30 22:34,2024/6/30 22:37
152,2,8,2024/5/24 23:56,2024/6/25 23:58,2024/12/28 23:58,2024/12/29 23:59
894,3,3,2022/3/1 10:51,2024/6/30 18:51,2024/11/30 19:53,2024/11/30 22:58
548,6,4,2020/5/15 19:53,2020/6/29 21:59,2023/11/30 22:59,2023/11/30 23:59
487,6,2,2023/3/18 15:49,2024/6/24 20:58,2024/6/29 23:58,2024/12/30 23:58
16,3,8,2024/5/6 14:57,2024/12/24 16:59,2024/12/27 21:59,2024/12/29 23:59
889,3,4,2019/12/6 11:59,2021/12/19 13:59,2021/12/26 23:59,2021/12/30 23:59
228,5,10,2021/9/10 18:34,2022/10/27 18:44,2024/12/29 20:45,2024/12/29 22:55
642,5,5,2024/10/13 10:29,2024/12/27 14:41,2024/12/27 22:42,2024/12/28 23:48
691,6,10,2024/7/9 20:30,2024/8/17 20:58,2024/9/26 22:59,2024/9/28 23:59
463,1,8,2024/1/24 22:12,2024/8/28 22:13,2024/9/28 23:40,2024/10/28 23:50
399,2,4,2023/10/8 12:45,2024/10/8 13:51,2024/11/18 18:53,2024/11/21 21:56
134,7,5,2020/5/14 18:32,2022/5/25 19:45,2022/9/30 23:49,2024/11/30 23:54
643,4,10,2020/9/26 14:57,2021/10/29 15:59,2024/11/29 22:59,2024/11/29 22:59
449,3,1,2021/11/11 18:31,2024/12/17 19:58,2024/12/25 23:58,2024/12/30 23:58
371,1,3,2022/11/20 19:16,2022/11/20 19:24,2024/12/25 22:24,2024/12/26 23:47
397,4,10,2022/5/29 16:54,2023/11/30 16:57,2024/12/30 20:59,2024/12/30 22:59
795,3,4,2024/11/8 18:55,2024/12/30 20:57,2024/12/30 23:57,2024/12/30 23:58
720,4,4,2021/3/26 13:47,2021/5/28 21:48,2021/7/29 23:56,2022/11/30 23:58
670,7,3,2021/12/13 18:56,2021/12/16 22:58,2022/12/18 22:58,2024/12/27 22:59
1000,4,8,2023/11/2 18:12,2023/12/11 22:52,2024/12/13 23:52,2024/12/30 23:57
425,2,8,2021/9/17 18:35,2023/11/20 20:39,2023/12/22 20:50,2024/12/27 21:58
451,6,6,2019/9/20 14:17,2021/10/27 19:44,2023/10/29 22:54,2023/12/29 23:59
556,5,9,2024/7/13 23:46,2024/7/26 23:47,2024/7/26 23:55,2024/8/30 23:55
176,3,1,2020/5/7 21:55,2020/7/21 23:56,2020/12/23 23:58,2022/12/25 23:59
710,5,6,2019/10/1 20:31,2019/11/8 21:44,2022/11/8 23:57,2022/12/8 23:58
673,7,1,2022/11/14 13:21,2023/12/19 13:52,2024/12/21 20:53,2024/12/30 22:55
406,3,10,2021/9/23 13:59,2024/10/30 14:59,2024/10/30 18:59,2024/12/30 20:59
354,7,1,2021/4/16 15:33,2021/12/25 19:59,2021/12/30 22:59,2021/12/30 23:59
264,5,8,2020/9/11 16:55,2022/11/19 21:59,2023/12/27 21:59,2024/12/29 22:59
361,1,6,2024/4/15 17:54,2024/9/19 22:58,2024/12/29 22:58,2024/12/30 23:59
846,7,10,2019/8/12 22:38,2021/12/22 22:44,2021/12/24 22:49,2021/12/25 23:58
353,1,3,2021/1/14 11:57,2023/5/16 21:57,2023/7/21 21:59,2023/10/29 22:59
141,5,3,2019/2/21 19:51,2023/8/27 21:53,2023/8/27 23:58,2024/11/27 23:58
905,1,8,2024/10/25 18:54,2024/10/27 22:55,2024/11/28 22:58,2024/11/29 23:59
744,6,1,2021/7/28 12:50,2024/7/29 22:58,2024/8/30 23:59,2024/8/30 23:59
193,3,10,2019/10/18 22:20,2021/12/18 22:22,2023/12/30 22:39,2024/12/30 23:42
751,4,10,2023/4/16 22:59,2024/10/22 23:59,2024/10/25 23:59,2024/11/28 23:59
962,2,6,2023/2/6 12:49,2023/9/10 18:59,2024/9/18 23:59,2024/10/25 23:59
914,5,2,2023/8/29 15:33,2023/10/29 18:36,2024/10/29 19:54,2024/12/29 19:59
494,2,4,2021/4/6 18:32,2023/5/6 19:58,2024/11/19 23:58,2024/11/30 23:58
311,3,1,2021/3/23 19:53,2024/10/24 21:53,2024/11/25 23:56,2024/12/30 23:59
870,2,10,2021/5/6 23:18,2024/9/28 23:24,2024/12/29 23:44,2024/12/29 23:54
400,4,6,2020/1/7 18:14,2023/8/20 22:57,2023/9/25 23:57,2024/10/28 23:57
317,3,10,2021/10/10 12:27,2021/12/20 12:57,2021/12/28 17:58,2024/12/29 23:58
636,6,10,2023/1/25 22:57,2023/1/29 23:57,2023/11/29 23:58,2023/11/29 23:58
816,5,5,2020/1/18 18:22,2023/12/19 18:46,2024/12/28 20:52,2024/12/30 23:53
280,2,6,2023/4/21 12:54,2023/7/24 16:54,2024/9/29 21:54,2024/12/29 22:55
198,1,3,2024/4/7 15:23,2024/5/10 20:25,2024/8/17 23:30,2024/9/19 23:38
884,6,9,2023/4/18 21:11,2024/9/23 23:31,2024/9/27 23:47,2024/11/29 23:59
221,5,6,2024/1/10 16:40,2024/12/19 18:46,2024/12/23 21:55,2024/12/27 22:57
29,4,7,2019/8/9 19:29,2019/11/29 20:58,2019/11/29 22:59,2024/11/29 22:59
210,2,8,2020/12/12 14:41,2024/12/18 15:55,2024/12/26 17:56,2024/12/28 18:59
494,3,1,2023/3/28 23:48,2024/3/30 23:53,2024/8/30 23:56,2024/8/30 23:56
142,2,10,2021/6/29 22:12,2024/6/30 22:28,2024/6/30 22:39,2024/10/30 23:54
823,2,4,2020/10/15 22:19,2023/10/21 23:46,2024/11/21 23:47,2024/12/27 23:47
353,3,8,2022/6/12 22:31,2023/12/29 22:40,2024/12/29 22:50,2024/12/29 22:54
892,4,10,2024/12/30 10:10,2024/12/30 10:11,2024/12/30 21:49,2024/12/30 22:50
909,5,3,2019/3/19 21:39,2023/4/23 21:55,2023/4/24 23:56,2023/5/25 23:56
567,6,8,2021/2/16 15:23,2024/2/29 23:56,2024/5/29 23:57,2024/12/29 23:57
75,1,8,2022/1/21 11:50,2024/6/29 14:58,2024/11/30 20:59,2024/12/30 23:59
371,7,5,2022/4/3 18:12,2022/5/14 19:14,2022/11/15 23:37,2023/11/17 23:54
951,5,2,2024/11/20 17:13,2024/11/27 23:49,2024/11/30 23:50,2024/11/30 23:56
367,2,7,2021/6/19 12:36,2022/10/29 23:46,2023/12/30 23:51,2023/12/30 23:59
317,1,8,2024/3/15 16:47,2024/3/22 16:48,2024/9/29 21:59,2024/9/30 22:59
810,5,1,2023/12/25 18:40,2024/12/28 23:55,2024/12/30 23:59,2024/12/30 23:59
475,7,2,2019/12/6 11:26,2021/12/18 19:27,2024/12/23 21:28,2024/12/29 23:50
142,5,5,2022/6/1 14:34,2023/9/4 23:58,2024/9/27 23:58,2024/10/30 23:58
907,2,3,2020/2/19 20:30,2021/9/29 22:55,2022/9/30 22:56,2024/10/30 23:58
860,4,7,2021/4/23 21:56,2023/8/25 21:57,2024/8/25 22:59,2024/9/26 22:59
349,2,2,2022/3/28 14:10,2023/11/28 22:44,2023/12/28 23:45,2023/12/29 23:52
588,1,2,2024/1/17 18:11,2024/1/30 22:23,2024/7/30 23:49,2024/11/30 23:49
314,3,3,2021/1/24 16:36,2022/2/28 17:49,2023/11/29 19:58,2023/11/30 23:59
916,1,3,2022/7/13 11:27,2024/7/27 12:36,2024/8/29 22:50,2024/9/30 22:59
543,5,8,2024/11/28 13:47,2024/12/28 23:47,2024/12/30 23:55,2024/12/30 23:58
836,7,9,2024/12/5 12:54,2024/12/20 12:57,2024/12/29 13:57,2024/12/29 19:57
81,1,10,2023/2/16 16:36,2023/8/24 23:51,2024/9/29 23:53,2024/9/29 23:55
323,7,4,2021/12/11 22:20,2021/12/17 23:58,2024/12/29 23:58,2024/12/30 23:58
441,4,8,2019/2/27 18:27,2021/12/29 22:32,2022/12/30 23:36,2024/12/30 23:43
355,5,4,2019/12/28 15:21,2019/12/30 22:46,2019/12/30 23:46,2024/12/30 23:47
556,2,10,2021/7/23 16:53,2023/11/29 18:54,2024/12/29 18:57,2024/12/30 18:59
727,4,6,2019/7/15 16:17,2021/12/26 20:47,2021/12/30 23:52,2023/12/30 23:56
436,6,2,2020/3/3 15:22,2022/10/22 15:51,2024/11/27 21:54,2024/12/29 21:55
187,4,3,2021/9/27 14:43,2023/11/28 15:46,2023/11/30 18:57,2023/12/30 18:58
655,5,1,2021/6/16 10:32,2021/7/25 22:52,2022/9/25 23:54,2023/12/30 23:59
230,3,2,2022/5/6 21:40,2023/11/17 21:51,2023/12/24 23:52,2024/12/30 23:52
111,2,4,2022/10/2 19:13,2024/12/14 20:45,2024/12/28 23:57,2024/12/30 23:58
745,6,2,2021/12/18 22:46,2024/12/30 23:56,2024/12/30 23:56,2024/12/30 23:57
302,2,9,2021/7/11 18:12,2024/7/14 20:53,2024/11/17 21:56,2024/12/27 23:57
512,5,1,2022/7/7 19:59,2023/12/27 20:59,2023/12/27 23:59,2024/12/28 23:59
813,6,8,2021/8/30 10:47,2024/12/30 14:50,2024/12/30 18:50,2024/12/30 21:57
534,7,7,2020/12/2 20:14,2022/12/20 21:26,2023/12/30 22:47,2024/12/30 22:50
606,2,3,2021/7/24 16:53,2022/12/27 22:53,2024/12/28 23:58,2024/12/30 23:59
711,4,5,2024/5/29 18:12,2024/11/30 20:56,2024/11/30 20:57,2024/12/30 20:59
142,1,3,2022/4/9 21:52,2023/6/16 22:53,2023/9/26 22:55,2023/11/28 22:55
365,4,5,2021/10/8 13:19,2022/11/8 17:48,2022/11/22 19:52,2023/11/29 19:57
496,4,8,2019/8/15 14:44,2020/11/17 17:50,2024/11/24 20:50,2024/11/24 22:51
883,1,10,2021/7/20 13:52,2024/7/24 15:54,2024/10/30 23:54,2024/12/30 23:56
937,3,5,2024/7/10 23:31,2024/10/17 23:42,2024/12/28 23:50,2024/12/29 23:50
284,5,7,2024/2/5 17:15,2024/7/24 23:15,2024/10/26 23:31,2024/10/30 23:47
977,5,9,2019/2/17 15:34,2019/8/20 17:40,2021/12/30 23:43,2024/12/30 23:43
477,6,1,2019/3/13 15:17,2022/6/28 23:35,2023/12/29 23:35,2023/12/30 23:40
153,6,1,2022/1/25 13:43,2024/5/26 20:52,2024/12/29 21:53,2024/12/30 21:56
978,4,8,2024/7/9 23:27,2024/12/22 23:38,2024/12/27 23:45,2024/12/27 23:58
617,3,3,2021/4/8 14:25,2021/6/10 21:47,2021/6/25 23:59,2022/6/28 23:59
258,2,4,2019/3/28 13:19,2020/5/28 15:45,2024/5/28 18:46,2024/8/29 19:54
469,3,5,2022/10/26 16:23,2023/12/28 16:31,2023/12/29 19:51,2023/12/30 19:54
89,3,8,2020/6/10 22:26,2022/12/30 23:52,2023/12/30 23:59,2023/12/30 23:59
811,2,3,2019/10/8 19:42,2020/12/24 20:52,2021/12/27 23:53,2023/12/28 23:55
549,4,4,2020/6/17 17:15,2024/12/20 19:25,2024/12/27 22:57,2024/12/29 23:58
70,5,4,2022/12/1 15:45,2024/12/20 15:50,2024/12/24 22:53,2024/12/27 22:54
759,5,5,2022/10/24 14:55,2022/12/27 15:55,2024/12/29 18:59,2024/12/29 21:59
472,1,5,2024/8/15 14:55,2024/11/27 15:58,2024/12/30 21:58,2024/12/30 23:59
369,4,2,2024/2/19 13:42,2024/6/27 23:52,2024/8/29 23:57,2024/10/30 23:58
189,6,6,2020/2/8 11:34,2021/2/13 11:49,2024/7/30 17:59,2024/9/30 17:59
560,7,6,2019/8/28 22:19,2019/10/28 23:52,2022/11/30 23:54,2023/12/30 23:59
980,2,8,2020/1/28 23:38,2024/2/29 23:54,2024/9/29 23:55,2024/11/29 23:55
10,3,10,2020/8/20 21:12,2021/10/22 23:28,2023/11/27 23:59,2024/11/27 23:59
865,6,7,2021/10/23 10:34,2022/11/29 17:51,2024/11/29 18:57,2024/12/29 18:59
983,1,9,2022/1/4 21:32,2023/3/23 21:55,2024/10/28 23:55,2024/11/29 23:57
860,3,3,2019/2/12 19:35,2020/6/12 22:57,2021/8/18 23:57,2024/12/24 23:58
618,3,4,2024/1/13 23:13,2024/2/17 23:14,2024/11/29 23:18,2024/12/30 23:28
629,2,9,2023/8/17 14:17,2024/12/26 21:40,2024/12/27 21:50,2024/12/28 21:55
468,2,6,2022/12/11 23:58,2023/12/18 23:59,2024/12/26 23:59,2024/12/28 23:59
464,2,2,2021/11/21 12:51,2023/11/24 13:52,2023/11/29 17:55,2023/12/29 20:58
26,1,10,2023/6/18 16:12,2024/11/18 23:19,2024/12/18 23:30,2024/12/28 23:42
765,4,10,2022/10/25 21:14,2022/11/28 21:47,2024/11/29 23:53,2024/12/29 23:57
479,6,4,2020/7/7 12:40,2024/12/12 21:50,2024/12/27 23:55,2024/12/30 23:59
254,6,8,2019/7/6 10:55,2021/10/8 23:57,2023/10/10 23:59,2024/10/12 23:59
544,3,6,2022/2/4 17:48,2023/6/16 17:56,2024/11/30 19:58,2024/12/30 21:58
621,5,3,2020/2/12 20:58,2020/12/22 22:59,2020/12/22 23:59,2020/12/30 23:59
453,4,8,2020/4/12 21:35,2022/10/17 22:56,2022/10/24 22:57,2023/12/30 23:57
597,6,4,2021/9/9 12:54,2024/9/14 14:57,2024/11/26 21:59,2024/11/29 21:59
74,5,6,2023/12/3 17:38,2024/12/5 18:58,2024/12/15 23:59,2024/12/29 23:59
590,7,4,2024/11/30 12:45,2024/12/30 15:53,2024/12/30 22:56,2024/12/30 22:56
825,4,4,2023/12/16 18:50,2024/12/23 21:51,2024/12/28 22:58,2024/12/29 23:59
372,1,7,2023/9/26 18:10,2023/10/26 19:46,2024/11/27 22:50,2024/11/29 23:54
444,2,8,2020/11/12 10:22,2023/11/24 10:28,2024/11/26 23:41,2024/11/30 23:55
360,2,9,2022/3/12 23:34,2024/11/12 23:43,2024/11/24 23:58,2024/12/30 23:59
476,7,8,2020/4/25 18:39,2022/5/29 21:40,2024/11/29 23:57,2024/11/30 23:58
356,3,9,2021/2/1 12:55,2023/8/5 20:59,2023/12/16 23:59,2023/12/29 23:59
313,3,3,2021/12/3 22:41,2022/12/4 23:45,2023/12/22 23:52,2023/12/22 23:54
488,7,8,2024/6/26 21:54,2024/10/29 23:59,2024/12/29 23:59,2024/12/30 23:59
783,2,5,2020/9/22 21:13,2022/9/23 21:24,2024/9/26 21:51,2024/12/27 22:56
86,7,8,2021/6/21 19:40,2024/10/25 21:54,2024/12/25 23:54,2024/12/26 23:57
332,5,3,2024/1/21 13:54,2024/12/29 14:59,2024/12/30 23:59,2024/12/30 23:59
199,3,7,2022/4/30 12:37,2023/10/30 17:59,2024/10/30 23:59,2024/10/30 23:59
743,1,4,2020/3/7 21:10,2023/6/16 22:57,2023/12/28 22:58,2024/12/28 22:59
941,2,8,2020/10/11 19:30,2020/11/26 21:57,2024/12/30 22:59,2024/12/30 23:59
802,6,2,2024/6/30 11:50,2024/6/30 14:51,2024/6/30 22:55,2024/9/30 22:55
133,5,5,2020/11/10 16:13,2024/11/16 22:38,2024/12/24 23:58,2024/12/25 23:58
674,5,6,2023/8/3 14:38,2023/9/29 15:46,2024/9/29 19:58,2024/12/29 21:58
373,4,7,2021/10/30 15:56,2024/12/30 23:59,2024/12/30 23:59,2024/12/30 23:59
746,3,6,2019/11/10 17:46,2019/12/10 22:51,2020/12/24 23:58,2024/12/29 23:59
799,5,8,2020/1/7 14:43,2020/8/19 18:59,2021/11/29 23:59,2022/12/30 23:59
607,2,9,2019/7/2 23:13,2021/7/3 23:18,2023/7/12 23:41,2023/11/15 23:54
384,1,8,2024/10/22 11:44,2024/10/28 14:50,2024/11/28 15:56,2024/12/30 22:58
990,4,2,2019/3/11 18:51,2021/7/28 22:54,2023/12/30 23:54,2023/12/30 23:57
23,7,4,2023/6/4 21:49,2023/11/15 23:56,2023/11/29 23:58,2023/11/29 23:58
675,4,3,2021/11/17 15:53,2021/11/30 23:53,2021/12/30 23:57,2022/12/30 23:59
254,7,3,2022/3/28 11:24,2022/11/29 11:53,2023/12/29 23:53,2024/12/30 23:54
628,2,7,2022/10/29 16:17,2024/12/29 20:58,2024/12/30 20:58,2024/12/30 22:59
576,3,4,2021/10/5 10:45,2021/10/8 18:58,2021/10/16 18:59,2024/10/18 23:59
615,2,2,2021/5/9 20:52,2022/10/25 20:54,2023/10/28 20:58,2024/10/29 23:58
620,1,3,2022/4/5 11:25,2022/11/6 17:50,2023/12/18 18:51,2024/12/23 20:58
502,6,9,2022/6/2 15:27,2022/11/8 15:47,2023/11/12 18:57,2024/12/15 18:59
392,6,3,2022/8/13 12:23,2024/9/26 14:46,2024/12/29 20:46,2024/12/30 21:53
372,7,1,2021/8/9 17:32,2021/12/10 20:55,2023/12/12 20:59,2024/12/13 23:59
452,2,3,2021/4/13 17:54,2023/6/16 23:54,2023/10/22 23:55,2024/10/30 23:56
886,7,9,2024/8/20 22:23,2024/10/24 22:41,2024/12/27 22:48,2024/12/27 22:55
268,2,3,2022/1/8 22:45,2022/11/18 22:47,2023/11/22 23:52,2023/12/25 23:55
235,4,1,2024/10/23 10:48,2024/10/29 11:57,2024/10/29 17:58,2024/11/30 23:58
284,4,10,2024/3/5 23:54,2024/8/20 23:56,2024/10/21 23:59,2024/10/27 23:59
866,1,3,2021/4/29 16:41,2023/12/30 21:58,2023/12/30 21:58,2023/12/30 22:59
576,1,3,2019/10/2 14:59,2020/10/10 16:59,2023/11/27 23:59,2023/12/28 23:59
553,3,7,2021/11/11 17:35,2024/11/27 18:48,2024/12/28 19:59,2024/12/29 22:59
589,4,6,2020/7/18 17:16,2022/11/30 21:18,2024/12/30 21:39,2024/12/30 22:54
253,4,6,2021/10/10 17:53,2023/12/19 19:58,2023/12/23 21:58,2023/12/25 21:58
342,1,4,2020/10/4 11:44,2021/11/17 14:53,2021/11/24 17:59,2021/12/25 20:59
415,7,7,2019/8/27 14:46,2020/11/29 15:58,2024/11/30 16:58,2024/12/30 18:59
514,5,4,2024/11/4 20:40,2024/11/12 23:49,2024/11/20 23:53,2024/11/29 23:56
646,7,5,2024/11/18 23:49,2024/12/25 23:56,2024/12/27 23:56,2024/12/30 23:57
364,5,6,2020/1/23 16:23,2022/11/23 19:59,2023/12/28 19:59,2024/12/28 19:59
668,2,8,2020/6/27 10:16,2023/9/27 18:19,2023/11/29 22:44,2024/11/29 23:55
600,4,4,2021/9/13 23:43,2024/12/24 23:52,2024/12/28 23:57,2024/12/28 23:57
500,3,3,2024/2/6 20:48,2024/12/27 22:55,2024/12/30 23:58,2024/12/30 23:59
654,6,2,2023/10/24 18:39,2023/12/29 21:39,2023/12/30 22:58,2024/12/30 22:58
267,7,2,2019/7/16 11:58,2024/11/27 22:58,2024/12/28 22:58,2024/12/28 23:59
97,5,4,2024/2/26 20:50,2024/4/29 22:56,2024/11/29 22:58,2024/12/30 22:59
838,2,8,2021/11/24 20:15,2021/12/28 20:31,2023/12/29 20:36,2024/12/29 22:38
304,2,7,2021/4/1 16:56,2023/8/13 23:59,2023/10/15 23:59,2023/10/29 23:59
376,1,3,2024/12/28 19:44,2024/12/28 21:46,2024/12/29 23:53,2024/12/30 23:53
985,5,8,2022/7/23 16:28,2024/8/29 17:46,2024/12/29 21:51,2024/12/30 22:52
854,4,8,2020/6/5 21:58,2020/7/16 22:58,2022/11/18 23:59,2024/11/28 23:59
441,6,9,2023/2/26 21:21,2024/9/30 22:33,2024/11/30 22:51,2024/11/30 23:54
499,7,9,2023/1/21 11:49,2023/11/27 19:54,2023/12/27 22:58,2024/12/28 22:58
122,1,10,2023/9/24 22:46,2023/11/26 23:59,2023/11/28 23:59,2024/12/30 23:59
679,1,9,2021/5/12 13:24,2024/12/22 15:43,2024/12/26 16:43,2024/12/27 23:58
218,1,8,2019/2/6 16:27,2023/9/16 22:57,2023/10/25 23:59,2023/11/29 23:59
395,5,7,2019/4/22 14:37,2023/11/23 23:40,2023/12/26 23:59,2024/12/29 23:59
326,6,7,2019/6/22 13:47,2024/6/24 16:52,2024/6/29 23:58,2024/7/30 23:58
960,2,10,2019/8/11 20:58,2023/10/14 23:59,2023/10/15 23:59,2023/10/15 23:59
580,3,1,2024/7/4 19:50,2024/12/13 21:59,2024/12/16 21:59,2024/12/20 23:59
149,6,6,2022/6/7 20:53,2023/10/18 22:57,2023/10/22 22:57,2023/12/30 22:57
356,6,10,2020/9/22 12:46,2021/12/28 22:50,2022/12/28 23:54,2024/12/28 23:59
347,2,1,2019/5/6 13:48,2022/7/11 13:58,2022/10/15 23:59,2024/10/30 23:59
550,3,1,2020/5/4 12:27,2022/8/13 21:31,2024/9/14 22:54,2024/11/25 22:57
935,3,5,2023/12/16 13:21,2024/12/23 20:50,2024/12/25 20:53,2024/12/28 21:55
454,5,5,2019/11/8 23:43,2023/12/19 23:57,2024/12/19 23:59,2024/12/21 23:59
661,3,2,2021/7/16 20:25,2024/9/26 23:47,2024/9/26 23:55,2024/12/30 23:57
317,7,3,2019/5/28 10:24,2021/6/28 16:35,2023/6/30 21:43,2024/9/30 21:57
484,3,7,2019/1/20 21:37,2019/5/22 22:40,2020/8/25 23:48,2020/10/26 23:59
99,3,9,2023/6/15 20:58,2024/11/28 21:59,2024/11/28 22:59,2024/12/29 23:59
36,2,4,2021/6/26 22:43,2024/6/29 22:43,2024/11/30 23:54,2024/11/30 23:54
137,1,4,2020/11/16 22:18,2021/12/29 22:20,2024/12/29 22:30,2024/12/30 22:35
171,3,2,2021/12/8 20:20,2022/12/13 21:27,2022/12/20 23:48,2022/12/30 23:48
71,1,5,2022/6/30 12:22,2023/8/30 23:57,2024/12/30 23:59,2024/12/30 23:59
759,4,7,2020/4/29 15:30,2021/7/29 16:56,2022/12/29 16:59,2023/12/29 16:59
934,3,10,2023/1/30 11:24,2023/3/30 14:34,2023/7/30 14:57,2023/8/30 22:58
946,4,9,2021/2/4 21:56,2024/6/16 21:57,2024/6/23 23:59,2024/10/24 23:59
361,6,5,2023/10/17 13:56,2023/11/22 22:59,2024/11/22 23:59,2024/12/25 23:59
694,1,10,2022/1/21 22:43,2022/4/30 23:53,2022/11/30 23:57,2024/11/30 23:58
257,1,8,2022/4/1 16:28,2023/4/3 17:37,2023/6/5 19:59,2024/9/28 21:59
570,2,10,2021/7/9 18:29,2023/7/11 22:59,2024/10/19 22:59,2024/12/25 22:59
363,6,10,2023/12/30 23:26,2024/12/30 23:32,2024/12/30 23:58,2024/12/30 23:59
735,7,7,2022/4/15 22:40,2024/9/26 23:42,2024/9/30 23:42,2024/11/30 23:56
574,6,1,2024/4/13 22:22,2024/9/26 23:35,2024/10/30 23:42,2024/11/30 23:57
446,6,8,2022/5/17 22:40,2024/12/23 22:55,2024/12/24 22:57,2024/12/28 22:58
818,7,1,2019/9/7 13:29,2019/12/7 20:33,2022/12/16 21:35,2023/12/30 22:46
429,3,10,2020/8/29 13:23,2020/10/29 22:45,2024/12/29 22:45,2024/12/30 23:56
691,7,10,2023/7/3 22:27,2023/10/21 22:55,2023/10/28 23:58,2023/12/30 23:58
338,3,10,2019/4/3 13:53,2024/10/16 23:58,2024/11/16 23:58,2024/12/21 23:59
432,6,4,2022/9/19 22:54,2023/10/25 23:55,2023/12/27 23:57,2024/12/28 23:58
215,4,3,2024/6/3 10:54,2024/9/21 10:58,2024/11/22 21:58,2024/11/30 23:59
350,4,2,2023/4/12 13:18,2023/6/18 20:40,2023/11/26 21:54,2023/11/30 21:58
812,4,3,2020/7/4 17:29,2023/7/16 17:42,2024/8/27 23:42,2024/8/29 23:53
503,3,8,2022/8/13 18:51,2022/11/13 19:57,2024/11/26 20:58,2024/11/26 23:58
914,6,3,2022/10/20 22:54,2023/12/22 23:58,2023/12/23 23:58,2024/12/27 23:59
645,6,6,2020/5/30 18:10,2023/11/30 23:35,2024/12/30 23:56,2024/12/30 23:59
530,4,8,2020/9/10 21:57,2022/10/28 21:58,2023/11/28 22:59,2023/11/30 23:59
858,6,10,2021/2/22 23:56,2021/5/29 23:59,2023/9/30 23:59,2024/11/30 23:59
274,2,7,2019/1/17 15:18,2024/8/30 19:51,2024/11/30 21:59,2024/12/30 21:59
741,5,6,2019/4/5 14:56,2024/4/10 15:58,2024/7/18 16:59,2024/10/30 16:59
261,5,1,2019/4/14 12:12,2022/6/27 21:23,2024/8/28 21:23,2024/8/29 22:41
18,1,2,2020/2/17 23:16,2024/2/22 23:28,2024/6/29 23:55,2024/9/29 23:59
632,3,3,2024/6/21 14:33,2024/11/22 21:52,2024/11/28 23:53,2024/11/29 23:56
615,4,3,2024/10/23 15:59,2024/10/23 18:59,2024/12/24 20:59,2024/12/28 23:59
436,5,10,2022/1/19 16:43,2022/5/22 17:54,2022/5/24 22:58,2024/7/26 23:59
588,4,9,2023/9/4 18:58,2023/12/13 18:59,2024/12/20 20:59,2024/12/30 20:59
86,5,8,2021/12/4 10:18,2024/12/23 18:54,2024/12/24 23:54,2024/12/30 23:59
217,2,4,2019/3/16 22:38,2022/9/19 23:55,2022/9/25 23:56,2022/9/26 23:59
29,4,8,2019/2/3 18:39,2019/2/26 20:45,2019/8/28 21:55,2019/11/28 22:58
567,2,1,2020/6/18 16:20,2024/6/19 22:23,2024/7/26 22:55,2024/8/27 22:55
568,7,1,2024/2/12 18:32,2024/8/26 21:58,2024/8/30 21:59,2024/8/30 21:59
118,6,5,2021/5/9 22:16,2021/6/30 22:18,2023/8/30 23:36,2024/10/30 23:41
498,1,7,2023/11/26 10:39,2024/12/26 19:41,2024/12/30 19:57,2024/12/30 20:57
320,7,6,2021/6/3 18:12,2021/7/10 20:51,2021/11/13 22:59,2021/12/30 23:59
181,7,4,2023/4/19 10:22,2024/5/29 12:44,2024/5/30 22:45,2024/12/30 23:57
289,7,10,2022/11/8 10:27,2023/11/21 10:53,2023/11/26 13:58,2023/12/27 22:59
974,2,9,2019/8/12 14:45,2023/12/26 22:50,2024/12/29 23:57,2024/12/29 23:58
650,7,7,2019/2/23 18:30,2022/2/28 19:40,2023/11/29 19:57,2024/11/30 20:57
367,6,8,2023/1/28 19:24,2023/11/30 23:51,2023/12/30 23:54,2023/12/30 23:55
54,5,3,2022/1/7 20:43,2023/10/26 22:57,2023/12/30 22:58,2024/12/30 23:59
446,7,4,2022/6/27 17:54,2024/8/29 17:54,2024/9/30 17:58,2024/12/30 22:59
22,6,4,2021/10/15 19:24,2023/12/15 21:29,2024/12/22 21:51,2024/12/23 22:51
93,2,5,2024/1/10 16:43,2024/10/24 17:54,2024/10/24 20:58,2024/12/28 20:58
289,3,6,2023/6/13 14:25,2024/9/19 22:33,2024/11/23 23:55,2024/11/28 23:55
552,2,10,2023/12/7 20:46,2024/12/13 21:51,2024/12/21 21:52,2024/12/28 22:58
522,1,4,2021/12/4 23:20,2024/12/16 23:41,2024/12/21 23:55,2024/12/23 23:57
750,6,4,2020/12/17 21:28,2021/12/24 23:56,2021/12/28 23:58,2024/12/30 23:58
589,6,5,2024/3/4 15:16,2024/5/17 17:58,2024/8/26 17:58,2024/10/28 18:59
893,4,3,2024/4/13 16:51,2024/10/23 17:58,2024/11/25 22:59,2024/11/27 22:59
382,7,9,2021/2/19 20:16,2023/10/29 23:43,2023/10/29 23:45,2023/12/29 23:52
108,1,9,2022/2/20 19:13,2023/3/23 19:53,2024/10/30 20:55,2024/12/30 20:59
233,7,7,2022/6/27 14:36,2024/10/27 15:39,2024/10/29 23:44,2024/11/29 23:59
428,4,10,2022/7/4 17:28,2022/10/27 17:42,2022/10/27 22:43,2024/11/29 22:59
755,1,6,2020/8/5 18:46,2023/8/22 22:56,2023/12/30 22:59,2023/12/30 23:59
234,6,2,2020/2/22 19:53,2021/3/28 21:54,2022/7/30 21:54,2023/7/30 23:58
383,1,4,2020/2/1 17:17,2021/9/23 19:32,2022/12/25 21:34,2024/12/27 21:53
582,5,4,2022/5/13 20:18,2022/9/15 20:35,2023/10/26 20:55,2023/12/27 22:56
255,7,3,2024/5/25 21:19,2024/11/25 23:26,2024/12/29 23:44,2024/12/30 23:48
475,6,3,2020/1/1 19:58,2021/5/24 21:58,2024/8/28 22:59,2024/8/28 23:59
589,7,8,2019/1/2 10:36,2019/7/30 15:42,2024/9/30 19:48,2024/11/30 19:49
863,2,5,2020/3/1 17:13,2022/4/17 18:31,2024/8/21 19:39,2024/9/22 23:39
40,3,7,2019/12/24 13:58,2019/12/27 22:58,2024/12/27 22:59,2024/12/28 23:59
792,3,6,2024/11/16 16:21,2024/12/21 16:55,2024/12/25 22:59,2024/12/25 22:59
624,6,10,2019/8/13 15:12,2020/10/24 20:12,2021/12/30 20:28,2022/12/30 21:32
935,5,3,2021/4/19 20:23,2022/9/30 23:44,2024/10/30 23:51,2024/12/30 23:53
775,5,10,2023/4/22 15:30,2023/8/29 22:46,2023/12/30 22:56,2023/12/30 22:59
942,5,7,2019/4/6 14:59,2023/7/11 16:59,2023/12/28 22:59,2023/12/30 22:59
109,2,9,2019/9/16 15:43,2021/9/23 21:52,2021/11/27 21:57,2021/12/30 21:57
355,2,5,2019/12/18 11:13,2022/12/19 11:23,2022/12/20 17:53,2022/12/22 18:55
163,3,8,2024/3/22 23:30,2024/8/27 23:42,2024/12/30 23:49,2024/12/30 23:53
642,7,5,2021/5/30 18:42,2023/12/30 19:48,2023/12/30 22:57,2024/12/30 22:57
770,1,4,2021/1/22 15:27,2024/7/28 21:44,2024/12/30 21:55,2024/12/30 21:55
528,3,8,2022/12/25 10:51,2022/12/27 19:53,2023/12/30 19:56,2023/12/30 19:56
551,2,10,2023/10/28 22:49,2024/11/28 22:52,2024/11/30 22:59,2024/12/30 23:59
661,4,3,2019/2/14 12:15,2023/5/14 12:42,2024/5/22 23:59,2024/10/25 23:59
965,4,2,2024/11/5 12:48,2024/11/16 18:49,2024/12/25 23:59,2024/12/25 23:59
88,1,10,2024/12/21 14:27,2024/12/26 14:51,2024/12/29 22:52,2024/12/29 23:54
317,3,9,2021/11/8 19:52,2024/12/14 20:59,2024/12/22 22:59,2024/12/22 22:59
714,7,6,2024/11/22 20:10,2024/12/29 20:43,2024/12/29 23:59,2024/12/29 23:59
956,7,9,2021/3/1 12:39,2021/8/4 19:39,2024/11/7 21:41,2024/12/10 23:41
151,3,3,2024/7/10 20:41,2024/7/12 22:49,2024/7/13 22:59,2024/8/21 23:59
954,1,8,2020/7/25 20:17,2020/10/30 22:54,2023/10/30 23:57,2023/12/30 23:59
359,3,6,2022/11/27 13:47,2023/12/29 22:57,2024/12/30 23:59,2024/12/30 23:59
887,6,3,2023/9/18 11:31,2024/9/22 23:59,2024/10/25 23:59,2024/11/26 23:59
563,6,9,2020/2/6 21:54,2023/3/21 23:54,2023/7/21 23:58,2023/12/30 23:58
556,2,1,2024/12/28 14:30,2024/12/30 15:55,2024/12/30 21:56,2024/12/30 22:59
295,5,2,2023/1/14 18:30,2023/8/25 20:54,2024/12/25 22:56,2024/12/27 22:58
66,2,1,2019/5/16 19:11,2023/5/19 22:27,2024/12/21 22:28,2024/12/21 22:37
710,5,2,2022/6/20 17:12,2022/8/29 20:17,2023/10/29 20:17,2023/10/29 23:47
457,2,1,2021/4/19 16:18,2021/4/27 19:51,2022/11/28 20:53,2023/11/28 23:53
384,5,6,2020/5/4 18:50,2022/6/22 21:53,2022/11/24 23:59,2023/11/27 23:59
783,4,6,2021/3/7 21:47,2023/4/12 22:47,2023/12/22 23:49,2023/12/29 23:55
384,5,1,2022/4/12 16:12,2024/11/30 19:37,2024/12/30 20:59,2024/12/30 23:59
106,6,6,2024/9/29 15:32,2024/11/30 16:57,2024/11/30 17:59,2024/11/30 19:59
717,7,10,2022/2/8 23:59,2023/5/29 23:59,2023/11/29 23:59,2024/12/30 23:59
379,5,2,2021/7/13 18:17,2024/9/19 23:44,2024/9/29 23:46,2024/10/30 23:47
918,5,4,2021/8/23 16:18,2022/12/29 18:32,2024/12/30 21:38,2024/12/30 23:49
551,4,7,2023/11/18 19:11,2023/12/28 19:52,2023/12/30 21:54,2023/12/30 21:59
162,2,5,2024/9/11 10:37,2024/10/14 19:47,2024/11/26 19:53,2024/12/30 22:53
461,5,4,2022/9/19 23:17,2022/11/19 23:39,2024/12/22 23:46,2024/12/26 23:58
17,4,6,2020/3/12 23:17,2020/9/25 23:52,2022/9/28 23:55,2022/9/30 23:59
902,5,10,2020/1/6 12:20,2023/6/30 17:51,2023/10/30 17:55,2024/12/30 20:55
324,4,1,2019/12/22 13:22,2024/12/28 23:33,2024/12/30 23:44,2024/12/30 23:56
727,3,2,2020/6/20 10:33,2020/7/28 17:54,2021/12/29 23:57,2023/12/29 23:59
161,3,10,2020/7/6 16:28,2022/7/29 22:30,2023/8/30 23:44,2024/12/30 23:44
330,7,8,2019/1/10 16:25,2019/11/11 17:39,2024/12/14 19:56,2024/12/16 23:56
166,4,1,2024/5/16 11:50,2024/5/24 14:53,2024/8/24 14:58,2024/9/29 15:59
54,7,6,2022/3/21 10:10,2024/12/21 13:52,2024/12/29 18:55,2024/12/29 22:59
831,2,1,2023/5/29 23:23,2023/12/30 23:42,2023/12/30 23:57,2024/12/30 23:59
582,4,8,2022/6/17 18:58,2022/7/27 22:59,2023/11/28 22:59,2023/11/30 23:59
965,5,5,2024/5/22 19:46,2024/7/24 20:49,2024/12/30 20:53,2024/12/30 22:57
240,1,1,2023/4/6 22:34,2024/5/15 22:35,2024/8/15 23:48,2024/9/25 23:58
966,2,5,2019/11/2 17:33,2020/11/5 23:48,2022/12/14 23:56,2022/12/21 23:56
837,4,1,2021/10/19 16:49,2021/11/19 19:58,2023/11/19 19:59,2023/11/20 23:59
815,4,1,2022/5/8 15:23,2022/7/10 16:53,2024/10/22 17:57,2024/11/24 21:58
872,4,5,2021/8/23 21:23,2024/9/30 21:39,2024/12/30 23:55,2024/12/30 23:59
625,6,1,2020/4/28 20:40,2021/9/30 22:43,2023/11/30 23:56,2023/11/30 23:57
74,5,10,2023/7/19 21:26,2023/7/27 21:31,2024/8/30 21:45,2024/12/30 21:58
220,5,4,2024/6/16 18:30,2024/10/26 21:31,2024/10/28 23:36,2024/12/29 23:37
581,7,8,2023/8/22 23:27,2023/9/30 23:38,2024/12/30 23:58,2024/12/30 23:59
926,7,3,2022/11/24 18:38,2024/12/26 23:38,2024/12/26 23:38,2024/12/29 23:54
418,7,9,2024/5/21 18:19,2024/7/21 23:39,2024/7/22 23:47,2024/11/24 23:56
28,4,10,2022/1/2 14:12,2024/6/9 22:33,2024/11/21 22:41,2024/11/21 23:42
930,3,4,2022/9/10 12:45,2022/10/23 20:55,2024/10/25 22:58,2024/11/30 23:58
969,6,6,2022/10/29 17:51,2022/12/29 18:53,2024/12/29 23:55,2024/12/29 23:55
376,5,1,2021/3/1 17:59,2023/4/24 22:59,2023/8/29 22:59,2023/10/30 23:59
397,6,5,2020/9/23 13:50,2022/12/24 16:56,2022/12/24 20:56,2022/12/29 21:56
259,4,8,2022/3/12 15:57,2024/11/28 15:59,2024/12/29 20:59,2024/12/30 20:59
64,7,6,2022/10/8 12:16,2023/10/18 13:32,2023/12/28 15:46,2024/12/30 19:59
404,1,10,2019/1/13 20:41,2023/11/30 20:50,2023/12/30 23:57,2023/12/30 23:57
555,7,9,2024/12/27 11:24,2024/12/27 12:47,2024/12/27 23:52,2024/12/27 23:59
643,3,5,2021/11/30 10:56,2021/11/30 22:59,2021/11/30 23:59,2022/11/30 23:59
204,1,5,2019/8/3 20:32,2024/9/3 23:42,2024/10/16 23:43,2024/11/25 23:56
94,2,1,2020/12/20 17:29,2023/12/28 19:59,2023/12/30 23:59,2023/12/30 23:59
907,2,6,2019/12/23 13:52,2019/12/28 22:52,2022/12/30 23:55,2023/12/30 23:57
295,2,9,2021/11/22 22:42,2024/12/25 22:43,2024/12/30 22:43,2024/12/30 22:46
848,3,1,2021/12/26 15:16,2021/12/28 23:26,2023/12/29 23:31,2023/12/30 23:41
282,5,5,2019/11/3 22:27,2020/11/8 22:33,2021/12/10 23:44,2024/12/15 23:55
158,1,7,2020/5/21 10:40,2024/11/21 11:48,2024/12/21 12:51,2024/12/27 14:54
653,3,9,2024/11/11 23:17,2024/11/13 23:31,2024/11/30 23:51,2024/11/30 23:55
196,4,2,2019/2/23 20:52,2020/2/26 23:54,2020/10/27 23:55,2024/11/30 23:59
741,2,7,2024/1/16 20:28,2024/2/21 22:30,2024/2/25 23:56,2024/5/25 23:58
640,3,4,2021/12/22 21:21,2024/12/28 22:27,2024/12/28 23:57,2024/12/29 23:57
84,3,5,2023/8/16 19:15,2023/12/27 21:39,2024/12/28 23:45,2024/12/28 23:52
177,2,1,2021/10/9 19:33,2024/10/18 21:52,2024/11/24 23:53,2024/12/29 23:53
225,6,4,2019/8/11 13:46,2023/10/29 22:51,2023/12/30 22:51,2023/12/30 23:56
352,1,9,2020/5/27 11:15,2023/10/30 14:43,2023/12/30 23:52,2024/12/30 23:59
115,6,8,2022/6/23 13:10,2024/8/23 18:18,2024/12/26 20:25,2024/12/30 23:28
108,3,10,2019/12/12 13:14,2020/12/12 14:16,2024/12/29 23:34,2024/12/29 23:42
202,5,4,2021/5/8 10:17,2023/10/29 13:45,2023/11/29 19:47,2024/12/30 23:48
716,3,4,2020/11/10 18:23,2023/12/27 18:45,2023/12/28 18:46,2023/12/29 19:49
979,4,3,2022/12/4 20:41,2022/12/6 23:49,2022/12/12 23:53,2023/12/23 23:55
181,1,7,2019/2/18 16:16,2022/9/25 16:45,2023/11/29 17:45,2023/11/30 17:55
255,3,3,2021/10/19 11:48,2023/11/28 15:51,2023/11/29 19:56,2024/12/30 19:59
621,5,8,2021/4/6 14:51,2022/12/20 18:53,2023/12/24 19:54,2024/12/27 23:57
784,7,8,2019/1/15 15:53,2020/11/15 21:54,2023/12/26 23:59,2024/12/29 23:59
983,2,4,2021/12/29 19:40,2024/12/30 19:58,2024/12/30 23:59,2024/12/30 23:59
305,2,6,2021/4/28 13:25,2024/6/28 14:43,2024/10/30 15:53,2024/10/30 15:56
449,5,3,2021/10/7 18:25,2021/10/11 18:38,2024/11/13 20:42,2024/12/13 20:54
92,4,5,2020/2/25 19:31,2020/7/28 22:46,2023/8/30 22:56,2023/10/30 23:59
712,1,3,2022/4/11 10:23,2024/4/19 18:49,2024/8/29 19:50,2024/12/30 22:50
212,1,1,2021/7/19 13:57,2024/7/19 23:57,2024/9/28 23:57,2024/9/29 23:59
494,2,6,2024/8/21 15:57,2024/11/25 17:58,2024/12/29 22:58,2024/12/30 22:58
595,2,2,2024/11/7 22:27,2024/11/23 22:35,2024/12/25 23:50,2024/12/26 23:53
497,1,2,2021/9/20 20:45,2023/11/22 20:52,2024/12/26 21:59,2024/12/27 22:59
735,2,1,2023/4/28 12:58,2024/6/28 19:59,2024/12/28 20:59,2024/12/29 22:59
20,4,6,2019/2/26 14:15,2022/9/27 17:52,2023/9/30 20:54,2024/12/30 22:54
816,4,5,2024/12/23 18:37,2024/12/27 20:57,2024/12/28 22:57,2024/12/30 23:58
678,4,9,2022/4/12 23:38,2023/4/29 23:45,2024/10/30 23:51,2024/12/30 23:53
38,1,10,2021/6/5 11:56,2023/9/17 14:59,2024/10/19 21:59,2024/11/26 23:59
562,1,4,2023/10/20 19:49,2024/11/25 20:54,2024/12/26 23:57,2024/12/26 23:58
501,5,8,2022/12/11 21:46,2023/12/18 22:49,2023/12/21 22:54,2024/12/22 23:57
88,3,2,2019/10/19 16:13,2021/10/21 22:32,2023/11/27 23:47,2023/12/27 23:53
374,6,10,2021/7/25 19:56,2022/9/27 21:59,2023/11/30 22:59,2023/11/30 23:59
513,6,4,2022/3/11 14:35,2023/6/27 17:40,2024/11/27 20:54,2024/11/29 21:57
636,7,6,2020/8/9 10:14,2024/8/26 17:48,2024/10/29 21:49,2024/12/30 22:50
87,7,8,2024/10/29 22:32,2024/11/29 23:48,2024/12/30 23:59,2024/12/30 23:59
682,4,10,2020/4/16 13:56,2020/11/20 21:58,2023/11/23 21:59,2024/11/25 23:59
140,4,2,2020/6/2 14:21,2022/7/30 17:26,2022/11/30 22:50,2023/12/30 22:59
172,4,1,2024/5/12 18:38,2024/6/15 20:39,2024/12/21 22:46,2024/12/24 23:46
941,7,1,2020/11/24 14:55,2021/11/29 21:57,2023/12/30 21:58,2024/12/30 23:58
139,1,9,2019/5/2 18:36,2024/11/3 23:48,2024/12/3 23:51,2024/12/7 23:51
847,2,9,2019/6/23 21:33,2022/10/27 21:54,2022/11/30 21:59,2023/11/30 23:59
845,7,4,2022/9/25 13:50,2024/10/25 15:52,2024/11/25 22:55,2024/12/27 23:59
545,1,1,2023/6/30 20:21,2023/6/30 22:57,2024/12/30 22:57,2024/12/30 22:59
326,3,7,2024/1/14 23:25,2024/2/24 23:50,2024/2/25 23:57,2024/4/29 23:58
359,5,2,2022/11/7 16:29,2022/12/25 21:59,2022/12/28 23:59,2023/12/30 23:59
59,4,7,2021/2/9 10:29,2022/11/27 12:41,2022/12/29 20:53,2023/12/30 22:57
160,4,7,2021/9/2 16:27,2024/9/27 22:46,2024/9/29 22:48,2024/12/29 22:54
805,7,9,2024/8/4 18:45,2024/12/15 22:54,2024/12/21 22:57,2024/12/23 22:58
474,4,1,2019/5/16 11:28,2023/10/21 12:37,2023/10/24 22:44,2023/10/30 22:44
198,7,10,2019/6/1 22:45,2024/7/14 23:50,2024/9/21 23:56,2024/9/25 23:58
686,6,2,2024/8/24 17:34,2024/11/24 17:59,2024/12/27 18:59,2024/12/28 23:59
1,7,5,2020/6/7 17:27,2023/12/18 20:28,2023/12/22 20:56,2024/12/24 23:59
31,4,9,2021/1/4 12:41,2022/4/26 14:57,2023/6/26 14:57,2024/12/28 21:59
239,4,3,2019/8/19 23:38,2019/11/21 23:58,2020/11/23 23:59,2023/12/28 23:59
608,2,3,2019/1/28 22:27,2022/6/30 22:37,2022/8/30 23:38,2024/9/30 23:55
580,6,7,2021/10/1 14:27,2022/12/25 15:48,2023/12/28 18:52,2024/12/29 21:59
484,7,3,2019/6/27 23:12,2024/8/27 23:34,2024/10/30 23:41,2024/10/30 23:45
781,1,3,2020/12/25 13:32,2022/12/27 14:59,2024/12/30 15:59,2024/12/30 18:59
447,3,1,2024/11/22 18:33,2024/11/22 21:55,2024/11/23 23:57,2024/12/28 23:59
275,5,4,2021/1/20 21:43,2022/3/28 21:57,2022/5/29 23:59,2023/8/30 23:59
351,4,9,2024/5/6 13:29,2024/8/28 17:54,2024/10/29 17:58,2024/10/29 22:59
811,6,3,2021/3/11 20:22,2021/6/25 21:33,2024/8/26 23:54,2024/9/26 23:54
461,7,3,2022/10/19 16:38,2023/12/22 23:49,2024/12/23 23:57,2024/12/30 23:58
24,6,5,2022/8/26 16:18,2022/9/29 17:21,2024/11/30 21:29,2024/11/30 21:35
138,7,9,2019/12/17 20:17,2020/12/22 20:22,2024/12/23 22:53,2024/12/29 22:57
72,3,1,2023/12/14 16:45,2023/12/17 21:52,2023/12/29 22:56,2023/12/30 23:57
757,6,8,2021/6/13 18:14,2022/7/24 18:49,2023/10/28 21:59,2023/11/28 22:59
181,4,1,2019/6/2 10:53,2021/10/20 10:57,2022/10/24 19:58,2024/11/25 20:58
531,1,6,2022/4/7 15:27,2023/10/12 18:34,2024/10/12 19:43,2024/10/27 23:51
822,6,10,2022/6/1 20:38,2023/9/4 23:44,2023/12/24 23:55,2024/12/30 23:58
607,7,6,2022/11/6 12:37,2024/11/19 12:54,2024/11/19 21:55,2024/11/20 21:57
397,1,6,2019/1/16 14:34,2022/8/21 14:45,2022/10/27 18:49,2023/11/29 18:53
50,1,4,2022/8/16 15:57,2023/12/20 17:59,2023/12/23 22:59,2024/12/26 23:59
817,3,7,2019/6/19 16:50,2022/10/20 20:59,2023/11/25 21:59,2024/11/27 21:59
424,7,10,2021/9/10 12:35,2022/11/16 13:40,2023/11/20 21:57,2023/12/25 21:58
267,2,7,2022/4/11 11:20,2024/6/19 23:53,2024/7/21 23:58,2024/11/24 23:58
971,1,9,2021/6/14 19:59,2022/10/26 19:59,2023/12/28 21:59,2023/12/28 21:59
683,7,3,2019/7/27 19:38,2023/10/29 19:40,2024/10/30 21:58,2024/12/30 22:58
833,3,10,2023/4/15 19:19,2024/6/25 21:55,2024/12/25 22:56,2024/12/26 22:58
285,2,7,2020/3/18 13:14,2020/9/20 18:41,2021/12/25 22:41,2023/12/29 22:47
14,2,5,2022/2/13 15:59,2022/5/27 19:59,2022/7/30 21:59,2022/9/30 21:59
518,4,10,2024/8/30 21:55,2024/8/30 21:58,2024/11/30 21:59,2024/11/30 21:59
689,4,10,2019/6/12 23:16,2024/9/19 23:27,2024/10/29 23:40,2024/12/30 23:48
803,4,4,2023/10/22 15:22,2024/10/24 17:53,2024/12/27 21:53,2024/12/30 22:57
824,4,7,2024/2/10 17:53,2024/5/15 18:54,2024/9/18 23:54,2024/9/25 23:58
468,4,2,2021/9/5 15:56,2023/10/11 18:58,2023/11/24 20:59,2023/12/30 20:59
615,2,5,2019/6/17 12:35,2021/11/24 21:36,2023/11/30 21:58,2023/11/30 22:58
25,1,9,2023/12/20 15:39,2023/12/20 16:42,2024/12/23 17:57,2024/12/30 21:58
461,6,3,2024/2/7 22:36,2024/8/8 23:49,2024/11/28 23:50,2024/12/30 23:50
252,3,10,2024/5/4 13:22,2024/12/23 23:38,2024/12/27 23:41,2024/12/27 23:57
413,4,3,2021/1/18 12:59,2021/7/22 21:59,2021/9/24 22:59,2023/9/27 23:59
631,4,2,2023/2/12 23:52,2023/3/27 23:55,2023/12/28 23:57,2024/12/29 23:58
476,5,1,2021/5/22 14:16,2022/8/24 15:17,2022/12/28 17:32,2022/12/28 17:43
123,2,3,2022/3/16 19:46,2022/6/18 19:46,2023/6/24 19:51,2023/10/25 19:59
897,3,4,2022/10/19 19:46,2024/12/27 22:53,2024/12/30 23:56,2024/12/30 23:59
562,6,1,2024/7/27 10:57,2024/12/30 19:57,2024/12/30 23:57,2024/12/30 23:58
584,3,9,2021/7/22 14:57,2024/10/22 22:57,2024/10/30 23:58,2024/11/30 23:58
164,3,10,2022/7/24 13:33,2023/7/27 21:37,2024/9/27 22:46,2024/12/27 23:48
325,2,7,2023/12/9 15:41,2024/12/10 23:46,2024/12/19 23:48,2024/12/22 23:50
726,3,9,2019/7/10 10:10,2023/12/12 18:58,2024/12/29 20:59,2024/12/29 21:59
860,3,2,2024/5/29 19:53,2024/9/29 21:57,2024/9/30 23:58,2024/11/30 23:58
5,5,6,2023/10/12 20:50,2024/12/26 22:51,2024/12/30 22:53,2024/12/30 23:56
406,1,2,2021/8/8 22:14,2022/11/11 23:24,2022/12/12 23:50,2023/12/28 23:52
404,7,7,2022/8/25 13:11,2024/9/26 18:16,2024/11/26 18:49,2024/11/30 21:52
880,4,2,2023/6/24 20:25,2024/8/24 22:42,2024/11/30 22:50,2024/11/30 23:53
411,2,3,2022/4/22 12:27,2024/12/23 14:59,2024/12/28 16:59,2024/12/29 19:59
565,5,9,2023/7/6 10:25,2024/8/21 23:53,2024/8/27 23:58,2024/8/27 23:58
250,1,6,2021/5/30 13:58,2023/5/30 18:58,2024/12/30 20:59,2024/12/30 22:59
151,3,5,2023/10/9 12:54,2024/10/22 13:58,2024/10/30 21:58,2024/10/30 21:59
715,2,1,2021/7/24 13:52,2022/7/25 16:56,2022/12/30 23:59,2023/12/30 23:59
407,6,1,2020/7/7 14:41,2024/7/21 19:58,2024/9/27 20:59,2024/9/29 20:59
658,2,7,2020/8/9 12:41,2023/10/17 14:45,2024/12/22 15:45,2024/12/22 17:45
140,5,10,2023/4/28 17:56,2023/7/29 21:59,2023/9/30 23:59,2023/12/30 23:59
626,2,3,2020/5/16 13:54,2021/5/24 16:59,2024/6/24 16:59,2024/10/29 16:59
41,3,9,2023/6/5 11:33,2024/8/22 17:40,2024/8/23 21:51,2024/10/30 23:52
746,7,9,2023/7/1 13:10,2023/10/3 20:16,2024/10/21 23:58,2024/11/29 23:59
329,7,8,2020/12/23 16:47,2023/12/28 17:56,2023/12/28 21:57,2023/12/30 21:58
110,7,4,2023/12/1 13:49,2023/12/29 23:51,2024/12/30 23:52,2024/12/30 23:58
11,4,5,2019/8/1 22:26,2024/9/24 23:39,2024/9/24 23:53,2024/11/24 23:57
372,7,6,2023/1/9 12:23,2024/12/25 17:42,2024/12/26 18:53,2024/12/30 20:55
832,3,9,2022/8/3 10:52,2022/9/5 13:55,2024/10/18 22:57,2024/11/23 22:58
528,4,1,2020/1/19 22:39,2022/12/23 22:54,2024/12/23 23:57,2024/12/28 23:58
59,5,4,2024/3/12 15:20,2024/6/23 23:44,2024/12/30 23:59,2024/12/30 23:59
800,7,7,2023/4/12 18:24,2023/12/26 23:47,2024/12/29 23:47,2024/12/29 23:50
829,7,4,2021/1/1 21:57,2024/5/15 22:59,2024/10/18 23:59,2024/11/25 23:59
167,4,4,2022/2/29 14:27,2023/7/30 14:42,2023/10/30 22:59,2024/12/30 22:59
215,6,3,2022/10/7 12:39,2023/12/17 20:56,2024/12/23 21:56,2024/12/26 21:58
195,3,3,2024/6/18 20:30,2024/7/23 20:53,2024/11/27 22:54,2024/11/28 23:55
388,4,4,2019/11/21 14:25,2024/11/25 18:53,2024/11/29 18:56,2024/11/29 22:56
286,6,5,2022/11/29 18:17,2024/12/29 23:35,2024/12/30 23:38,2024/12/30 23:41
315,6,4,2020/7/5 16:36,2020/11/29 23:36,2024/12/30 23:44,2024/12/30 23:46
69,4,6,2020/9/6 17:58,2023/10/30 17:59,2024/12/30 21:59,2024/12/30 22:59
135,3,2,2021/11/3 10:56,2024/12/21 22:57,2024/12/30 22:57,2024/12/30 23:57
791,6,2,2022/9/25 13:53,2022/10/30 20:58,2023/10/30 23:58,2023/10/30 23:58
588,1,8,2023/6/13 21:48,2024/6/13 22:57,2024/9/25 23:59,2024/12/27 23:59
933,6,8,2020/5/16 22:15,2024/6/16 22:28,2024/10/21 22:52,2024/10/27 22:58
52,4,5,2021/6/14 10:17,2023/9/28 16:38,2024/9/30 20:59,2024/11/30 20:59
672,1,9,2021/8/18 14:13,2024/12/26 19:33,2024/12/30 21:55,2024/12/30 21:56
976,5,2,2023/6/24 19:17,2024/6/24 21:41,2024/10/25 22:44,2024/10/26 23:51
980,3,10,2021/1/25 18:12,2023/8/26 22:52,2024/10/30 22:53,2024/10/30 22:59
824,5,2,2024/4/23 11:50,2024/8/25 16:56,2024/12/26 19:56,2024/12/30 22:59
12,6,9,2020/7/12 15:25,2021/7/30 17:53,2022/10/30 18:58,2022/12/30 22:58
884,7,3,2021/2/25 14:50,2021/4/28 14:54,2022/11/29 16:58,2022/11/29 22:58
536,4,7,2023/8/25 17:21,2024/9/29 23:27,2024/9/30 23:33,2024/12/30 23:55
917,4,10,2022/6/7 10:23,2022/7/24 15:39,2022/9/29 16:54,2022/9/30 18:55
787,2,6,2021/1/18 14:29,2021/4/27 20:41,2021/7/29 23:47,2021/9/29 23:59
391,4,1,2019/5/22 13:27,2022/7/23 18:28,2022/7/30 23:48,2024/12/30 23:51
26,7,10,2019/6/20 11:50,2021/8/29 18:58,2024/8/30 23:59,2024/12/30 23:59
692,5,3,2020/8/20 21:20,2020/11/22 22:55,2023/12/28 22:58,2024/12/30 23:59
249,6,5,2021/11/20 10:54,2023/12/30 20:58,2024/12/30 22:59,2024/12/30 23:59
49,5,7,2022/1/22 22:27,2022/4/28 23:50,2022/12/30 23:58,2022/12/30 23:58
611,1,2,2020/3/24 14:24,2022/6/25 19:57,2023/7/25 23:58,2024/12/29 23:58
472,1,6,2023/1/3 11:18,2024/8/13 21:22,2024/11/28 23:42,2024/11/30 23:47
682,3,7,2022/6/21 20:46,2023/8/28 21:54,2024/8/30 22:58,2024/9/30 23:59
591,6,6,2021/3/3 21:54,2021/6/24 22:57,2022/11/26 23:57,2023/11/28 23:57
258,1,6,2022/7/23 19:23,2022/9/28 23:35,2023/11/28 23:54,2024/12/29 23:55
377,4,2,2022/3/9 11:27,2023/12/28 23:37,2023/12/30 23:45,2024/12/30 23:45
906,7,7,2024/1/21 23:43,2024/8/22 23:55,2024/10/26 23:58,2024/12/29 23:58
945,1,10,2021/3/3 12:46,2022/9/8 16:52,2024/10/24 16:53,2024/12/30 18:59
325,3,2,2021/10/13 14:54,2024/11/19 23:58,2024/12/26 23:59,2024/12/26 23:59
313,2,4,2023/8/17 17:31,2024/8/23 22:56,2024/10/28 23:59,2024/11/28 23:59
248,1,2,2022/12/16 21:15,2023/12/29 21:57,2023/12/29 23:59,2024/12/30 23:59
678,3,8,2023/5/5 10:18,2024/6/15 15:26,2024/8/22 20:59,2024/12/27 23:59
314,1,6,2023/10/7 16:49,2024/10/19 16:50,2024/11/28 17:52,2024/11/28 18:58
918,1,2,2020/10/11 13:15,2022/11/17 22:34,2023/12/17 22:51,2024/12/17 23:59
462,2,7,2023/4/8 23:40,2024/5/22 23:54,2024/9/24 23:56,2024/11/29 23:59
352,5,4,2023/12/22 12:23,2024/12/27 13:52,2024/12/30 13:53,2024/12/30 15:58
611,7,4,2020/7/24 16:31,2021/11/30 21:31,2021/11/30 22:37,2021/11/30 22:45
664,5,2,2023/2/17 15:38,2023/5/23 16:53,2023/9/28 22:56,2023/12/29 22:57
317,5,10,2022/10/11 10:55,2024/10/24 13:57,2024/11/30 14:58,2024/12/30 20:59
751,3,9,2023/11/26 13:37,2023/11/26 20:45,2024/12/27 23:59,2024/12/27 23:59
410,1,8,2020/10/7 15:38,2023/12/20 18:47,2024/12/20 21:48,2024/12/28 22:58
726,2,7,2022/7/30 17:18,2022/7/30 22:33,2023/9/30 22:44,2024/12/30 23:57
271,6,5,2024/2/24 13:56,2024/2/24 14:56,2024/5/27 20:57,2024/6/27 20:59
268,2,7,2020/2/2 10:17,2023/2/11 21:46,2023/9/11 23:55,2024/12/23 23:55
159,5,2,2023/4/15 10:10,2023/12/22 13:10,2024/12/23 20:10,2024/12/28 21:58
459,5,9,2022/4/21 12:51,2022/9/28 13:56,2024/9/30 18:57,2024/9/30 18:58
834,5,2,2022/9/19 13:54,2022/9/28 20:57,2023/11/29 21:57,2023/12/29 21:59
715,4,7,2024/1/19 22:24,2024/8/19 22:39,2024/11/24 22:44,2024/11/27 22:57
51,6,1,2019/6/1 10:54,2023/7/17 14:57,2024/9/24 18:59,2024/11/25 21:59
908,1,5,2023/7/11 20:55,2024/7/13 23:56,2024/10/15 23:59,2024/10/16 23:59
704,5,6,2024/12/3 19:30,2024/12/5 23:54,2024/12/15 23:55,2024/12/26 23:58
347,3,9,2020/9/7 21:42,2022/11/21 22:55,2024/11/23 23:58,2024/12/27 23:58
630,6,3,2020/8/7 15:50,2021/9/16 22:51,2022/11/25 22:57,2024/12/29 23:58
444,1,7,2023/10/12 20:54,2023/11/13 21:55,2024/11/18 23:59,2024/11/23 23:59
521,2,4,2020/9/8 14:23,2024/9/24 18:51,2024/11/28 18:58,2024/12/30 22:59
197,7,5,2020/8/11 17:37,2020/11/25 21:52,2021/12/30 22:59,2021/12/30 22:59
775,1,4,2019/11/24 18:19,2020/12/26 18:52,2020/12/28 19:53,2021/12/29 19:55
843,7,7,2021/8/26 19:13,2024/12/29 21:34,2024/12/30 21:51,2024/12/30 21:57
503,4,7,2021/3/1 18:29,2024/4/13 23:34,2024/8/21 23:40,2024/8/22 23:56
133,2,6,2019/10/30 22:36,2019/10/30 23:39,2020/12/30 23:39,2023/12/30 23:41
153,3,6,2019/6/5 18:30,2024/9/20 22:45,2024/9/21 23:53,2024/9/26 23:53
267,6,10,2024/8/19 11:44,2024/12/24 13:59,2024/12/28 20:59,2024/12/29 23:59
633,3,6,2023/3/20 15:22,2024/7/20 17:56,2024/12/24 21:59,2024/12/29 22:59
861,6,4,2023/9/16 18:41,2023/11/29 22:52,2024/12/29 22:56,2024/12/30 23:56
237,4,1,2022/4/19 14:34,2024/11/30 21:55,2024/12/30 22:55,2024/12/30 22:55
839,5,1,2019/4/30 21:40,2021/9/30 23:59,2021/11/30 23:59,2022/12/30 23:59
791,5,4,2023/3/14 17:25,2024/9/30 21:34,2024/10/30 23:57,2024/11/30 23:57
498,2,7,2024/11/2 13:31,2024/12/4 22:35,2024/12/5 23:49,2024/12/9 23:50
300,1,4,2023/10/23 11:20,2023/11/24 15:42,2023/11/24 16:45,2023/11/25 21:54
450,2,1,2023/10/16 19:31,2023/12/18 20:40,2024/12/18 20:56,2024/12/27 22:59
586,1,5,2019/12/28 16:49,2023/12/29 18:49,2023/12/29 23:56,2024/12/30 23:59
509,1,10,2019/4/25 22:50,2021/4/28 23:54,2022/5/29 23:58,2023/12/30 23:58
803,5,7,2020/4/4 21:16,2022/6/24 21:37,2022/11/25 22:53,2022/11/29 23:59
637,5,1,2022/3/3 17:39,2023/9/16 22:46,2024/10/30 23:53,2024/10/30 23:54
56,4,3,2022/5/28 14:12,2023/9/30 17:14,2024/12/30 17:37,2024/12/30 17:50
84,5,1,2023/8/10 12:12,2023/9/20 13:46,2024/11/26 20:46,2024/11/29 21:55
277,5,7,2023/8/1 23:52,2024/9/6 23:52,2024/11/11 23:52,2024/12/13 23:53
781,1,2,2020/12/6 15:38,2021/12/10 16:49,2022/12/19 23:57,2024/12/25 23:57
665,4,8,2021/5/29 21:41,2021/11/29 22:54,2023/11/29 23:58,2024/12/30 23:58
94,6,3,2021/12/20 11:21,2021/12/29 12:30,2024/12/29 20:46,2024/12/30 23:54
521,5,10,2019/9/2 23:19,2020/11/22 23:35,2024/11/26 23:44,2024/12/26 23:58
63,6,1,2023/1/14 11:56,2024/5/14 13:56,2024/10/26 16:59,2024/10/30 21:59
998,1,5,2020/11/3 21:47,2022/12/28 21:49,2022/12/30 22:50,2023/12/30 23:59
909,3,9,2020/4/20 10:50,2022/8/28 14:58,2023/12/30 18:59,2023/12/30 22:59
153,2,2,2020/8/7 23:50,2023/9/18 23:54,2023/11/28 23:54,2023/12/30 23:57
18,4,9,2019/4/24 20:48,2022/11/24 23:50,2023/11/25 23:57,2024/11/30 23:57
258,6,6,2024/2/14 19:38,2024/5/19 20:42,2024/6/20 20:55,2024/8/28 21:58
5,2,1,2022/9/24 21:51,2022/10/24 21:58,2022/10/30 22:58,2022/11/30 23:58
861,1,6,2019/11/24 10:35,2021/11/29 23:41,2022/12/30 23:57,2024/12/30 23:57
782,1,6,2020/12/2 12:43,2023/12/28 18:46,2023/12/29 19:55,2024/12/29 22:57
383,7,1,2023/8/10 11:16,2023/9/22 20:25,2024/9/25 23:37,2024/10/26 23:59
183,3,4,2023/2/2 19:55,2024/10/28 22:59,2024/12/30 22:59,2024/12/30 22:59
118,4,6,2020/6/15 11:43,2024/9/25 23:43,2024/11/28 23:45,2024/12/28 23:58
248,7,5,2019/12/27 20:43,2024/12/30 20:58,2024/12/30 22:58,2024/12/30 23:59
650,2,8,2024/5/16 21:16,2024/9/23 22:27,2024/11/26 23:57,2024/12/27 23:57
911,2,3,2019/7/18 12:15,2021/8/21 18:16,2021/8/30 21:34,2022/11/30 22:40
806,3,9,2021/8/8 23:35,2022/11/18 23:41,2022/11/27 23:49,2022/11/28 23:55
987,4,5,2020/9/14 16:44,2022/9/28 18:55,2022/12/29 20:59,2023/12/30 20:59
670,2,8,2024/12/15 19:15,2024/12/26 19:56,2024/12/30 23:59,2024/12/30 23:59
252,2,7,2023/10/24 15:11,2024/10/28 23:42,2024/11/29 23:49,2024/12/29 23:49
82,5,9,2020/6/26 16:44,2020/7/26 19:45,2024/10/27 20:48,2024/10/27 20:56
289,1,6,2021/5/20 15:25,2022/6/28 15:49,2024/10/28 18:52,2024/11/28 22:59
254,5,3,2023/3/4 15:12,2024/5/6 15:29,2024/5/21 15:58,2024/10/30 18:58
292,2,6,2022/12/26 19:14,2022/12/29 20:49,2024/12/29 23:50,2024/12/30 23:55
948,7,2,2022/3/27 17:30,2023/8/28 21:50,2024/8/30 21:55,2024/11/30 22:57
601,7,7,2021/8/24 21:14,2024/12/30 23:54,2024/12/30 23:56,2024/12/30 23:57
541,1,5,2022/10/24 13:51,2022/12/26 16:55,2023/12/26 17:57,2023/12/26 21:58
236,5,10,2019/10/27 22:26,2019/12/29 22:55,2024/12/30 22:58,2024/12/30 23:58
317,4,7,2021/9/19 23:29,2023/9/28 23:47,2024/11/30 23:56,2024/12/30 23:57
724,6,6,2024/1/3 17:42,2024/8/6 21:51,2024/10/11 23:53,2024/10/20 23:53
840,4,6,2022/8/2 16:10,2024/12/20 16:35,2024/12/20 21:52,2024/12/25 23:55
336,4,10,2023/1/15 14:51,2023/8/30 14:57,2023/12/30 14:58,2023/12/30 17:58
211,7,8,2023/7/9 13:53,2023/11/30 14:53,2024/12/30 18:53,2024/12/30 20:57
824,4,10,2019/4/10 18:44,2024/11/12 20:44,2024/12/15 20:49,2024/12/23 23:57
714,5,4,2021/5/22 23:44,2023/9/24 23:47,2024/10/24 23:48,2024/12/29 23:49
45,1,5,2019/11/29 21:23,2023/11/29 21:28,2024/12/29 21:59,2024/12/30 21:59
951,6,4,2021/6/20 13:44,2022/7/25 17:47,2024/12/26 22:52,2024/12/30 22:58
7,4,10,2024/6/8 11:12,2024/10/14 16:54,2024/12/14 18:54,2024/12/15 19:57
270,5,7,2020/10/14 15:33,2022/10/28 15:47,2022/10/29 18:59,2023/10/30 21:59
27,7,3,2019/10/27 19:36,2019/11/30 20:39,2019/11/30 22:47,2019/12/30 23:51
726,2,5,2023/3/11 23:28,2024/11/30 23:29,2024/11/30 23:58,2024/12/30 23:58
350,7,6,2020/7/5 21:17,2023/12/7 23:32,2023/12/11 23:59,2023/12/20 23:59
660,3,8,2021/9/22 22:36,2021/10/24 23:40,2022/11/30 23:49,2023/11/30 23:59
423,6,2,2021/10/14 20:37,2022/10/24 22:54,2022/11/24 22:54,2023/12/28 23:57
908,5,1,2023/5/22 18:36,2024/12/27 21:49,2024/12/28 23:58,2024/12/28 23:58
967,4,7,2023/10/19 23:36,2024/12/28 23:57,2024/12/28 23:58,2024/12/29 23:58
180,2,9,2019/5/16 13:12,2023/7/28 17:39,2023/11/28 18:55,2023/11/28 22:57
808,6,7,2024/6/10 17:49,2024/12/14 19:51,2024/12/17 22:53,2024/12/25 22:56
994,2,3,2019/7/7 18:46,2020/10/30 19:58,2020/12/30 19:59,2022/12/30 19:59
336,3,3,2022/8/14 22:12,2023/8/15 22:22,2023/8/28 23:47,2023/12/28 23:49
485,6,2,2024/10/17 16:34,2024/12/24 20:39,2024/12/27 20:40,2024/12/27 22:53
806,4,8,2020/10/13 22:45,2024/12/16 23:59,2024/12/28 23:59,2024/12/30 23:59
209,4,4,2024/6/5 12:32,2024/11/29 19:46,2024/12/29 19:59,2024/12/30 20:59
360,2,8,2019/2/4 12:15,2019/10/7 16:34,2023/11/29 18:40,2024/12/30 18:47
496,7,1,2020/11/25 13:52,2021/11/29 13:55,2022/11/30 18:55,2022/11/30 19:57
747,4,4,2019/6/10 17:16,2020/6/25 18:29,2023/11/25 20:58,2024/11/27 20:58
759,6,9,2019/8/10 21:18,2023/9/23 21:24,2024/12/23 21:50,2024/12/29 22:50
885,2,5,2024/7/22 11:40,2024/11/27 15:48,2024/12/30 17:54,2024/12/30 19:55
193,2,7,2024/7/1 18:47,2024/7/25 21:55,2024/9/29 21:55,2024/10/29 21:55
948,1,10,2019/9/30 18:53,2020/12/30 18:57,2024/12/30 21:58,2024/12/30 21:58
856,2,7,2022/1/15 10:25,2023/9/15 11:56,2024/9/26 16:59,2024/11/29 20:59
21,2,9,2021/10/5 20:37,2022/12/10 21:56,2022/12/30 21:57,2024/12/30 22:58
702,1,2,2020/9/5 20:41,2021/12/6 20:49,2022/12/13 23:51,2023/12/29 23:56
394,7,10,2022/6/1 18:51,2022/12/13 20:56,2023/12/15 23:57,2024/12/22 23:57
947,7,5,2023/11/13 15:26,2023/12/22 18:36,2023/12/28 21:53,2023/12/28 23:53
307,6,3,2024/11/14 16:52,2024/11/27 21:57,2024/12/29 23:57,2024/12/30 23:58
617,4,5,2021/5/8 16:53,2024/6/25 23:56,2024/6/27 23:58,2024/6/28 23:58
514,7,3,2019/2/23 21:24,2023/9/30 22:39,2023/10/30 22:47,2024/11/30 22:59
5,1,1,2022/12/26 18:37,2024/12/30 19:41,2024/12/30 22:49,2024/12/30 22:52
955,2,1,2020/10/1 18:37,2022/10/16 22:56,2022/11/29 23:58,2024/11/30 23:58
281,2,9,2019/9/13 10:36,2021/9/25 10:46,2022/11/26 14:47,2023/11/26 14:53
356,5,10,2020/4/11 19:59,2020/5/13 23:59,2020/10/15 23:59,2021/10/27 23:59
885,3,4,2023/8/5 21:57,2023/8/30 21:59,2024/9/30 21:59,2024/11/30 21:59
898,3,2,2019/6/19 20:34,2020/11/28 21:59,2023/11/28 22:59,2024/11/29 23:59
987,2,2,2021/9/9 15:33,2021/10/17 18:42,2021/12/30 22:56,2023/12/30 23:56
668,3,4,2023/3/19 18:23,2023/8/23 18:43,2024/8/23 18:46,2024/9/30 18:52
789,6,8,2024/7/1 17:20,2024/12/17 22:43,2024/12/28 23:46,2024/12/28 23:52
693,4,4,2023/5/21 14:26,2024/8/23 16:29,2024/8/27 22:39,2024/12/29 23:47
812,4,4,2022/1/7 13:10,2024/11/24 18:20,2024/11/24 22:37,2024/12/29 23:46
638,6,5,2022/11/8 12:20,2022/11/10 17:35,2022/11/20 22:56,2024/12/30 23:57
587,3,3,2023/5/1 15:35,2023/8/4 16:50,2024/12/23 18:51,2024/12/24 21:54
552,2,1,2022/4/15 11:36,2024/10/18 17:37,2024/12/23 23:51,2024/12/28 23:59
912,5,10,2022/5/15 19:18,2023/10/27 22:30,2023/10/28 22:49,2024/11/30 23:49
265,5,9,2021/10/12 13:23,2023/11/29 22:40,2024/11/30 22:57,2024/12/30 22:59
783,2,2,2021/2/20 20:30,2023/11/29 23:42,2024/11/29 23:47,2024/11/29 23:49
936,7,3,2019/11/29 16:22,2022/11/29 23:37,2023/11/30 23:40,2023/11/30 23:56
463,3,6,2024/7/13 23:51,2024/12/21 23:55,2024/12/27 23:59,2024/12/27 23:59
224,3,7,2021/3/14 18:45,2023/3/27 22:58,2023/3/29 22:59,2023/4/29 22:59
297,6,9,2023/2/3 18:43,2024/10/26 21:55,2024/11/29 23:56,2024/11/29 23:58
80,1,4,2019/7/18 19:15,2024/8/20 20:40,2024/10/28 21:51,2024/10/30 21:53
253,2,7,2020/8/21 13:19,2020/8/28 21:20,2022/9/29 23:21,2024/12/30 23:34
597,5,4,2024/2/18 18:26,2024/11/19 21:31,2024/11/27 21:58,2024/12/29 21:59
831,6,4,2020/10/4 15:35,2023/11/24 23:54,2024/12/25 23:56,2024/12/26 23:56
503,1,4,2024/3/19 15:53,2024/12/24 18:57,2024/12/30 20:58,2024/12/30 22:59
543,6,4,2023/6/21 19:15,2023/7/26 19:46,2024/8/30 23:52,2024/8/30 23:54
911,2,8,2023/2/26 19:34,2024/10/29 22:55,2024/11/29 23:59,2024/11/30 23:59
13,2,3,2020/4/13 20:25,2022/9/26 22:33,2023/11/28 23:48,2023/11/29 23:53
976,5,10,2019/6/21 14:46,2019/11/25 22:58,2020/11/27 23:58,2022/11/28 23:58
866,4,9,2019/8/6 14:24,2019/8/26 22:56,2019/8/29 22:57,2022/10/30 23:58
547,5,9,2024/1/16 10:24,2024/8/19 14:55,2024/12/24 17:56,2024/12/25 22:59
661,1,1,2022/8/18 14:13,2022/8/23 20:46,2022/10/30 22:50,2023/10/30 22:56
519,2,9,2024/5/29 11:55,2024/10/30 15:57,2024/12/30 16:58,2024/12/30 22:59
84,2,4,2023/1/13 20:33,2024/10/14 23:34,2024/10/25 23:49,2024/10/30 23:49
819,5,5,2023/4/8 10:58,2023/7/14 11:59,2023/12/30 12:59,2024/12/30 19:59
706,1,3,2021/11/25 11:19,2022/12/25 19:19,2022/12/28 21:22,2024/12/30 21:37
688,3,3,2024/8/7 14:48,2024/11/8 23:49,2024/12/27 23:50,2024/12/30 23:50
753,6,1,2019/12/26 18:26,2023/12/27 22:37,2024/12/29 23:46,2024/12/29 23:53
582,6,9,2022/3/20 19:12,2023/5/29 21:13,2023/5/29 23:35,2024/9/29 23:52
975,1,8,2023/11/28 21:29,2024/12/28 22:30,2024/12/30 23:43,2024/12/30 23:43
565,5,9,2022/11/8 17:32,2023/12/30 22:59,2023/12/30 22:59,2024/12/30 22:59
479,4,3,2024/6/19 12:45,2024/10/28 14:46,2024/12/29 18:51,2024/12/30 21:57
207,7,3,2023/11/29 21:16,2023/12/29 22:42,2023/12/30 23:58,2023/12/30 23:59
961,1,9,2021/5/17 13:58,2024/6/26 21:59,2024/11/29 21:59,2024/11/29 22:59
597,1,8,2022/3/16 11:41,2023/10/21 17:58,2023/12/27 19:58,2023/12/28 20:59
554,5,8,2022/9/12 15:34,2022/12/16 23:55,2022/12/20 23:58,2023/12/27 23:58
659,5,2,2024/9/22 12:29,2024/11/29 20:37,2024/12/30 20:38,2024/12/30 23:49
460,4,9,2021/10/15 11:21,2021/11/21 18:45,2023/12/30 22:53,2024/12/30 22:55
649,5,8,2024/4/1 17:34,2024/9/27 22:56,2024/11/30 23:56,2024/11/30 23:58
794,4,2,2022/2/22 19:38,2024/6/28 22:51,2024/12/29 22:54,2024/12/30 22:54
175,6,2,2021/2/15 18:37,2024/7/30 18:55,2024/9/30 23:56,2024/11/30 23:56
966,3,2,2021/6/15 18:18,2024/12/21 23:21,2024/12/28 23:53,2024/12/29 23:58
758,1,1,2023/3/5 21:52,2024/5/12 23:54,2024/5/20 23:56,2024/8/27 23:56
68,1,7,2021/7/28 14:39,2024/8/28 21:57,2024/10/29 21:58,2024/12/30 22:59
732,3,2,2019/9/17 20:32,2023/9/23 23:55,2023/12/29 23:55,2023/12/30 23:56
463,5,8,2024/8/8 20:32,2024/10/24 21:39,2024/11/30 23:39,2024/12/30 23:51
216,6,10,2020/2/17 19:11,2020/12/30 22:22,2022/12/30 22:37,2024/12/30 23:41
57,6,7,2022/10/3 10:14,2023/11/3 23:31,2023/11/26 23:39,2023/11/27 23:56
546,5,1,2024/12/11 20:44,2024/12/22 23:53,2024/12/29 23:58,2024/12/29 23:58
273,7,5,2021/11/4 19:10,2023/11/22 19:51,2024/11/24 22:58,2024/12/24 22:59
247,4,4,2021/9/11 19:46,2023/9/27 20:50,2023/10/27 20:59,2023/11/28 22:59
427,3,7,2023/3/25 10:29,2023/9/29 20:42,2023/10/30 21:45,2023/12/30 22:59
535,5,4,2022/5/4 12:46,2024/6/9 15:51,2024/9/11 22:51,2024/9/26 22:52
778,5,10,2020/6/30 18:29,2022/12/30 19:56,2024/12/30 22:56,2024/12/30 22:58
763,6,9,2023/9/21 12:30,2024/9/26 17:57,2024/12/26 22:58,2024/12/26 22:59
739,6,8,2022/2/6 19:39,2022/10/29 22:50,2023/12/29 23:54,2023/12/30 23:56
261,2,6,2020/8/14 19:49,2021/8/19 23:50,2022/11/26 23:52,2024/11/29 23:56
780,4,2,2020/1/22 20:48,2024/8/30 20:51,2024/8/30 23:54,2024/12/30 23:57
885,6,8,2023/6/25 21:32,2024/6/25 22:59,2024/7/25 23:59,2024/7/29 23:59
395,5,4,2021/10/11 20:36,2021/10/15 20:45,2024/12/25 20:50,2024/12/29 20:55
675,4,1,2023/12/5 13:55,2023/12/11 22:57,2023/12/19 22:57,2024/12/23 23:57
663,7,9,2023/2/7 12:12,2023/9/15 22:37,2023/11/19 22:52,2023/11/19 22:59
682,4,5,2024/6/26 14:17,2024/10/28 22:50,2024/11/28 22:53,2024/12/30 23:55
406,5,2,2019/2/20 22:45,2022/11/28 22:46,2023/12/30 22:55,2023/12/30 22:56
168,5,2,2022/4/7 11:56,2023/5/17 22:59,2023/7/23 23:59,2023/12/30 23:59
447,2,8,2024/2/25 16:39,2024/3/27 20:58,2024/4/29 20:59,2024/4/30 23:59
200,2,10,2022/8/22 17:26,2022/9/24 22:53,2023/11/29 23:59,2023/11/30 23:59
592,2,2,2021/5/17 21:26,2022/6/28 21:28,2022/7/30 21:31,2024/11/30 22:54
677,4,9,2023/7/4 10:28,2024/9/24 15:36,2024/9/25 18:45,2024/10/27 20:50
337,1,8,2020/1/17 23:47,2022/10/19 23:53,2023/10/28 23:59,2023/11/30 23:59
561,5,1,2022/4/19 23:16,2022/7/26 23:32,2022/9/27 23:48,2022/9/27 23:58
419,5,3,2021/9/26 11:57,2024/10/28 16:58,2024/11/30 18:58,2024/12/30 23:58
90,3,1,2023/12/2 22:49,2023/12/8 23:54,2023/12/25 23:55,2023/12/28 23:57
580,3,4,2022/10/29 21:33,2023/12/29 22:50,2023/12/30 23:50,2024/12/30 23:56
832,5,4,2023/12/15 20:51,2023/12/30 23:59,2024/12/30 23:59,2024/12/30 23:59
209,3,5,2024/5/8 18:48,2024/11/28 19:54,2024/12/29 22:59,2024/12/30 23:59
220,6,2,2022/9/4 19:23,2022/12/10 19:30,2023/12/26 21:41,2024/12/27 23:59
921,1,3,2022/12/16 19:29,2022/12/18 22:46,2023/12/27 22:54,2023/12/27 23:57
338,2,9,2024/7/24 16:25,2024/9/30 17:47,2024/11/30 19:56,2024/12/30 21:56
537,6,2,2024/9/13 23:28,2024/9/25 23:51,2024/11/25 23:51,2024/11/27 23:55
150,1,2,2022/1/2 12:16,2024/10/22 18:42,2024/10/30 21:48,2024/10/30 23:49
467,5,2,2023/3/27 21:41,2023/10/30 21:52,2023/10/30 23:54,2023/10/30 23:54
41,5,2,2023/2/19 13:47,2023/5/25 19:49,2023/6/28 23:55,2023/10/28 23:59
5,4,2,2024/2/21 22:28,2024/4/22 22:30,2024/4/25 22:44,2024/5/28 22:58
723,3,8,2022/11/14 22:23,2023/12/28 22:47,2023/12/28 22:57,2024/12/30 23:58
553,4,10,2019/2/2 16:33,2023/3/24 19:34,2023/6/28 23:34,2024/12/30 23:48
820,6,8,2023/3/24 18:19,2023/6/29 22:27,2023/12/29 23:54,2023/12/29 23:54
585,4,1,2022/7/23 14:57,2022/7/30 20:59,2023/7/30 21:59,2024/8/30 22:59
684,2,5,2019/10/11 12:45,2022/11/28 21:46,2023/12/30 21:47,2024/12/30 21:54
327,3,2,2019/2/18 14:22,2024/9/25 20:38,2024/9/28 22:41,2024/12/29 23:46
992,2,10,2019/2/21 20:33,2019/3/29 23:57,2022/9/30 23:58,2024/12/30 23:59
811,4,2,2019/7/1 18:26,2021/10/24 20:33,2021/10/30 21:51,2024/10/30 23:52
62,2,8,2019/7/12 23:13,2019/7/19 23:42,2023/12/19 23:48,2024/12/19 23:52
237,6,10,2021/7/10 23:27,2021/7/11 23:30,2022/7/24 23:36,2024/11/29 23:49
236,7,7,2020/9/6 14:21,2020/11/30 22:39,2023/12/30 22:39,2024/12/30 23:57
292,2,3,2021/6/20 21:15,2024/8/22 22:50,2024/10/28 22:58,2024/12/28 22:58
318,6,6,2024/6/24 11:10,2024/6/25 23:39,2024/7/28 23:40,2024/10/30 23:55
23,7,4,2021/9/9 10:38,2023/9/28 22:55,2024/12/28 23:55,2024/12/29 23:58
384,5,8,2021/12/4 19:24,2024/12/4 19:35,2024/12/23 23:38,2024/12/27 23:40
440,6,6,2019/9/24 18:58,2024/12/27 23:58,2024/12/28 23:59,2024/12/30 23:59
825,1,6,2020/8/11 19:31,2023/12/25 23:52,2023/12/30 23:54,2024/12/30 23:54
202,1,4,2020/2/22 13:42,2020/11/23 20:59,2024/11/30 21:59,2024/11/30 21:59
256,7,8,2019/5/3 17:42,2024/9/15 22:48,2024/9/28 23:54,2024/10/29 23:55
500,6,2,2021/1/13 15:41,2022/5/30 19:55,2024/10/30 20:57,2024/10/30 21:58
893,3,6,2022/7/9 22:29,2023/11/29 22:36,2023/11/29 23:54,2023/12/30 23:56
864,2,2,2022/10/3 15:54,2023/10/18 21:58,2024/11/22 22:58,2024/12/22 22:59
930,2,4,2021/4/24 16:39,2021/10/27 19:39,2024/12/30 20:54,2024/12/30 21:55
257,5,10,2023/7/3 23:25,2024/12/23 23:38,2024/12/30 23:47,2024/12/30 23:59
913,6,9,2022/12/14 11:19,2022/12/15 19:32,2022/12/28 21:40,2024/12/29 22:47
966,4,9,2020/6/25 19:22,2020/12/29 23:54,2021/12/30 23:54,2022/12/30 23:56
621,3,3,2019/3/7 15:39,2020/8/28 15:39,2023/9/29 17:50,2023/9/30 19:59
889,5,6,2021/6/13 15:43,2022/11/16 22:53,2023/12/20 22:54,2023/12/22 22:58
398,1,1,2020/9/24 20:59,2021/9/26 21:59,2021/11/29 21:59,2023/12/30 23:59
61,7,3,2023/4/28 22:46,2023/10/28 23:59,2023/11/29 23:59,2023/12/29 23:59
271,6,7,2023/2/20 15:21,2024/5/24 22:54,2024/7/25 22:55,2024/10/26 22:55
304,4,10,2022/1/13 21:44,2022/10/22 23:59,2022/11/25 23:59,2023/12/27 23:59
110,2,4,2021/10/11 18:57,2023/11/30 23:59,2023/11/30 23:59,2024/11/30 23:59
880,2,10,2024/1/16 13:40,2024/4/24 18:44,2024/7/30 20:52,2024/7/30 20:58
917,5,3,2024/7/6 16:47,2024/8/22 20:52,2024/9/25 20:55,2024/10/26 22:56
844,7,3,2022/11/26 15:31,2022/11/26 18:53,2023/12/28 20:55,2023/12/28 20:59
775,2,1,2019/7/18 17:34,2023/7/19 22:54,2024/7/24 23:56,2024/12/24 23:58
329,2,10,2024/9/12 23:41,2024/11/23 23:57,2024/12/24 23:58,2024/12/26 23:59
654,4,8,2022/8/23 18:43,2024/11/25 19:49,2024/11/27 19:58,2024/12/27 20:58
427,4,10,2024/4/16 11:36,2024/4/23 21:52,2024/6/23 21:58,2024/9/23 21:58
285,5,8,2021/6/25 20:50,2022/12/25 21:51,2023/12/25 22:52,2023/12/27 22:58
838,1,1,2020/5/22 15:54,2021/6/24 17:57,2024/6/30 17:59,2024/12/30 23:59
904,2,4,2020/9/16 16:52,2023/12/28 22:55,2023/12/28 23:56,2023/12/28 23:58
146,7,10,2023/9/14 18:21,2023/9/23 19:26,2023/12/24 20:56,2024/12/28 21:57
280,3,3,2023/2/30 14:53,2023/11/30 16:59,2024/12/30 16:59,2024/12/30 16:59
802,5,9,2024/2/16 22:34,2024/8/17 22:38,2024/11/17 23:59,2024/11/22 23:59
700,3,9,2022/8/21 19:21,2023/12/27 22:55,2024/12/29 23:58,2024/12/30 23:58
561,4,4,2021/4/22 21:34,2021/8/30 21:44,2024/11/30 23:44,2024/12/30 23:55
800,2,3,2024/9/18 15:16,2024/11/26 17:50,2024/11/28 17:58,2024/12/28 18:58
247,5,1,2021/1/13 15:51,2021/9/27 19:59,2023/11/28 22:59,2023/11/28 22:59
792,5,5,2024/1/7 18:30,2024/6/20 19:47,2024/8/27 20:55,2024/11/27 22:58
196,5,9,2022/10/3 12:27,2022/11/7 16:38,2024/11/28 18:57,2024/12/28 22:57
682,5,10,2019/10/28 23:37,2021/12/30 23:42,2024/12/30 23:56,2024/12/30 23:57
766,5,4,2024/6/2 17:28,2024/9/16 19:36,2024/12/28 22:40,2024/12/29 23:57
605,3,8,2020/8/4 19:46,2024/9/25 21:49,2024/10/30 23:52,2024/12/30 23:57
778,5,10,2023/12/20 22:28,2024/12/20 22:59,2024/12/30 23:59,2024/12/30 23:59
890,5,6,2019/4/25 10:36,2020/11/28 10:49,2020/11/28 14:59,2024/12/30 17:59
102,5,1,2022/9/23 22:59,2023/12/23 22:59,2023/12/28 22:59,2024/12/28 23:59
479,2,3,2024/9/24 22:13,2024/9/24 22:32,2024/11/30 23:42,2024/11/30 23:57
488,3,7,2022/5/15 15:36,2022/8/19 15:39,2023/9/22 21:39,2023/11/28 21:47
522,6,4,2020/12/30 10:24,2021/12/30 13:36,2023/12/30 21:53,2024/12/30 21:54
353,7,3,2019/9/16 21:51,2021/11/30 21:54,2023/12/30 22:59,2023/12/30 22:59
233,4,10,2019/11/30 23:56,2021/12/30 23:59,2022/12/30 23:59,2023/12/30 23:59
476,3,9,2021/4/16 13:21,2022/5/17 17:53,2022/7/20 22:53,2024/10/21 23:55
795,4,2,2021/7/12 23:58,2021/12/20 23:58,2023/12/21 23:59,2023/12/30 23:59
807,7,1,2024/7/4 10:14,2024/10/19 17:55,2024/10/28 17:55,2024/12/30 23:59
686,3,6,2021/11/7 19:39,2022/12/21 21:47,2022/12/26 21:50,2023/12/28 22:57
798,5,5,2019/10/22 15:37,2022/12/23 20:45,2022/12/26 21:46,2024/12/28 22:56
424,6,8,2021/7/17 23:20,2021/10/28 23:52,2021/11/30 23:53,2021/11/30 23:58
611,4,10,2020/7/30 16:19,2021/8/30 21:26,2024/11/30 22:52,2024/11/30 22:52
995,3,4,2020/3/22 23:41,2021/8/28 23:50,2023/8/29 23:50,2024/10/29 23:53
240,3,4,2024/12/22 23:14,2024/12/22 23:38,2024/12/25 23:58,2024/12/30 23:58
865,1,5,2019/2/25 21:12,2020/11/30 23:46,2021/12/30 23:57,2023/12/30 23:58
961,1,4,2022/9/26 18:13,2022/10/30 23:38,2024/12/30 23:45,2024/12/30 23:58
936,2,6,2022/6/12 23:17,2022/12/27 23:28,2023/12/30 23:56,2024/12/30 23:57
546,3,7,2023/1/9 14:14,2024/12/12 18:16,2024/12/18 20:36,2024/12/28 23:44
730,2,3,2019/3/8 20:37,2024/10/21 21:37,2024/10/22 23:49,2024/12/26 23:50
467,3,5,2020/4/23 17:19,2022/8/26 17:50,2023/10/27 18:51,2024/12/27 21:53
923,1,2,2020/1/10 11:21,2022/1/22 16:58,2024/12/25 16:58,2024/12/28 19:58
149,4,6,2021/11/29 10:33,2023/11/30 16:36,2023/11/30 19:50,2024/11/30 21:57
249,2,7,2023/5/22 14:30,2023/11/24 15:30,2024/12/25 22:33,2024/12/30 23:46
511,7,3,2022/9/6 20:58,2023/11/24 21:59,2024/11/28 22:59,2024/12/30 22:59
635,5,3,2023/10/25 17:55,2024/10/29 17:57,2024/12/30 20:59,2024/12/30 23:59
95,2,8,2021/4/29 10:30,2021/8/29 22:41,2023/8/29 22:54,2023/12/29 23:57
698,2,10,2023/7/22 20:23,2023/11/30 22:59,2023/11/30 22:59,2024/12/30 22:59
146,7,8,2022/8/14 12:26,2023/12/21 19:33,2023/12/28 23:55,2023/12/28 23:58
845,6,10,2023/6/13 14:38,2024/7/16 21:42,2024/8/20 21:44,2024/12/24 23:44
402,1,5,2022/5/22 19:57,2024/10/28 21:58,2024/11/29 23:59,2024/11/29 23:59
958,7,1,2022/3/30 17:42,2023/9/30 21:46,2024/11/30 23:55,2024/12/30 23:59
302,4,8,2021/8/30 21:45,2024/10/30 21:51,2024/10/30 23:51,2024/12/30 23:52
567,7,8,2022/12/23 17:11,2024/12/24 22:43,2024/12/27 23:57,2024/12/28 23:58
356,2,8,2019/10/4 21:55,2023/10/22 22:59,2024/11/23 22:59,2024/12/26 23:59
71,1,8,2024/10/12 20:37,2024/10/16 20:37,2024/12/16 21:41,2024/12/24 21:47
143,2,7,2019/1/2 10:39,2021/3/27 17:51,2024/3/30 23:56,2024/12/30 23:57
624,1,9,2020/5/17 11:50,2023/7/24 20:50,2024/11/27 21:50,2024/11/28 23:58
684,3,10,2020/7/7 12:41,2021/10/20 21:59,2021/12/29 22:59,2023/12/29 22:59
230,5,4,2020/1/17 15:22,2023/5/23 20:32,2024/8/30 20:49,2024/12/30 20:56
808,7,9,2022/7/30 13:43,2024/12/30 17:57,2024/12/30 22:58,2024/12/30 22:59
934,6,1,2020/12/8 17:21,2022/12/23 23:27,2023/12/26 23:41,2023/12/27 23:53
545,2,1,2023/10/24 21:50,2023/11/25 23:58,2023/12/30 23:59,2024/12/30 23:59
329,3,7,2024/8/21 17:33,2024/8/22 22:50,2024/12/30 22:56,2024/12/30 23:58
979,5,6,2024/8/15 19:34,2024/11/22 20:53,2024/12/24 23:55,2024/12/26 23:59
622,4,3,2021/4/10 16:21,2022/10/21 21:23,2022/12/21 21:35,2022/12/29 23:41
727,3,3,2019/1/24 22:52,2021/12/24 22:58,2021/12/29 22:58,2022/12/30 23:58
489,6,6,2024/2/28 21:47,2024/5/29 22:56,2024/6/29 23:56,2024/6/29 23:57
703,1,4,2019/8/2 20:33,2024/10/11 22:48,2024/11/21 22:48,2024/12/29 22:56
29,7,9,2022/11/21 12:31,2022/12/24 17:34,2024/12/24 17:34,2024/12/28 22:44
366,3,9,2019/8/26 23:50,2023/9/26 23:56,2024/12/30 23:56,2024/12/30 23:59
36,4,9,2024/2/13 13:11,2024/8/25 18:37,2024/12/29 18:43,2024/12/30 19:48
586,4,2,2021/3/23 16:19,2024/11/26 21:49,2024/11/30 22:55,2024/12/30 22:59
603,4,2,2022/11/26 20:38,2022/11/28 21:38,2022/12/30 23:43,2024/12/30 23:50
22,1,9,2024/5/28 11:17,2024/7/28 13:17,2024/12/30 23:27,2024/12/30 23:44
515,1,2,2023/6/24 17:51,2024/7/26 17:59,2024/7/27 23:59,2024/11/27 23:59
858,4,1,2023/10/26 20:50,2024/12/29 20:56,2024/12/30 21:59,2024/12/30 22:59
692,7,4,2022/6/12 12:18,2024/10/21 21:38,2024/10/26 23:54,2024/10/26 23:57
43,7,1,2021/1/14 22:45,2023/10/27 22:47,2023/12/28 22:58,2023/12/28 22:59
633,3,9,2023/12/13 18:38,2023/12/13 19:43,2023/12/23 23:57,2023/12/23 23:57
325,4,2,2020/8/20 19:14,2024/11/22 23:20,2024/11/22 23:52,2024/12/29 23:53
806,2,5,2021/1/26 23:45,2021/11/29 23:48,2023/11/30 23:53,2024/12/30 23:53
746,6,8,2024/3/10 12:19,2024/10/23 12:54,2024/10/25 21:59,2024/12/30 23:59
994,7,3,2022/12/18 17:36,2023/12/25 17:44,2024/12/25 17:59,2024/12/29 19:59
281,4,8,2021/4/20 12:18,2024/9/23 23:19,2024/11/25 23:26,2024/12/30 23:41
316,7,6,2021/10/2 18:39,2024/11/18 23:52,2024/11/18 23:54,2024/11/20 23:56
926,5,5,2023/5/3 18:58,2024/11/8 18:58,2024/11/14 23:58,2024/11/20 23:58
296,7,2,2022/10/10 18:57,2022/10/20 19:57,2024/11/27 22:58,2024/11/28 22:59
26,3,8,2022/6/22 23:20,2022/9/28 23:59,2024/11/29 23:59,2024/12/30 23:59
929,7,1,2020/10/24 17:28,2022/10/27 23:29,2022/10/27 23:56,2024/11/29 23:56
325,6,1,2019/3/8 14:55,2022/7/29 15:55,2024/9/29 20:55,2024/10/29 21:58
92,3,7,2023/5/19 12:11,2024/8/27 15:18,2024/12/27 15:28,2024/12/27 15:50
258,4,2,2020/11/22 12:51,2022/12/30 18:52,2023/12/30 21:58,2023/12/30 23:58
754,5,9,2021/5/10 20:13,2023/10/12 22:30,2024/10/22 23:54,2024/12/25 23:55
199,3,10,2019/5/15 14:37,2022/9/24 23:57,2022/12/28 23:59,2022/12/28 23:59
900,2,9,2020/3/15 20:17,2022/8/22 23:56,2024/8/29 23:58,2024/12/29 23:58
528,5,10,2024/8/16 14:21,2024/8/29 21:22,2024/12/30 21:48,2024/12/30 23:59
814,7,6,2021/11/19 16:41,2021/11/30 16:55,2022/11/30 22:59,2024/12/30 22:59
479,5,2,2020/3/7 12:30,2022/8/30 17:38,2024/12/30 17:55,2024/12/30 22:57
850,6,4,2020/7/27 20:43,2021/9/27 22:43,2024/11/30 22:44,2024/12/30 22:50
464,4,5,2024/7/5 22:10,2024/12/5 22:34,2024/12/14 23:51,2024/12/15 23:55
826,3,1,2019/1/8 12:29,2024/9/18 17:43,2024/10/23 20:51,2024/11/29 20:52
477,5,2,2024/2/4 11:13,2024/2/25 15:23,2024/4/30 23:31,2024/9/30 23:45
681,5,10,2023/7/13 16:10,2024/11/21 21:51,2024/12/25 22:51,2024/12/28 22:59
815,6,7,2021/12/6 15:57,2024/12/15 23:58,2024/12/16 23:59,2024/12/23 23:59
695,4,1,2021/5/24 19:31,2022/8/25 21:34,2022/8/26 21:55,2024/12/27 23:57
969,5,5,2021/4/11 11:34,2023/5/29 16:45,2023/7/29 21:50,2024/11/29 21:57
853,2,7,2020/6/30 19:10,2024/12/30 19:34,2024/12/30 20:38,2024/12/30 23:43
951,1,1,2020/11/21 17:44,2022/11/28 19:57,2022/12/30 21:57,2024/12/30 21:59
866,5,7,2021/7/5 11:47,2022/12/9 20:52,2024/12/27 20:56,2024/12/27 22:56
110,1,7,2024/9/29 14:33,2024/10/30 19:53,2024/11/30 19:56,2024/12/30 23:59
450,4,8,2019/9/25 12:24,2023/11/26 22:59,2023/11/27 23:59,2024/11/28 23:59
270,3,6,2020/1/5 23:23,2020/12/13 23:59,2024/12/19 23:59,2024/12/26 23:59
937,5,6,2024/7/30 16:10,2024/8/30 16:41,2024/10/30 19:54,2024/12/30 22:58
81,6,8,2022/1/5 19:38,2024/5/6 21:58,2024/6/16 22:58,2024/12/23 22:58
154,6,4,2023/12/20 18:40,2024/12/22 21:47,2024/12/24 22:53,2024/12/25 22:53
191,5,6,2020/9/18 17:17,2020/9/26 21:35,2020/9/27 22:52,2024/9/28 22:57
806,1,6,2023/5/19 21:51,2024/9/21 23:57,2024/11/25 23:58,2024/11/29 23:58
196,4,8,2021/1/25 21:45,2024/11/26 23:54,2024/12/28 23:55,2024/12/29 23:57
733,3,10,2019/5/5 13:42,2024/12/30 14:49,2024/12/30 15:59,2024/12/30 16:59
208,6,9,2019/12/3 15:37,2023/12/8 21:58,2024/12/16 23:59,2024/12/17 23:59
705,2,10,2021/10/17 13:24,2023/11/20 19:24,2024/11/30 19:57,2024/12/30 21:59
789,4,6,2023/9/18 13:53,2024/12/20 23:53,2024/12/29 23:58,2024/12/30 23:59
548,6,5,2020/9/23 15:53,2020/12/27 21:53,2020/12/29 21:55,2021/12/29 23:55
617,6,3,2020/8/26 22:40,2021/8/26 23:59,2022/9/30 23:59,2022/12/30 23:59
850,6,6,2019/12/1 14:29,2022/12/23 23:55,2023/12/29 23:57,2024/12/30 23:57
303,2,3,2023/1/20 13:58,2024/5/29 23:59,2024/11/29 23:59,2024/11/30 23:59
731,1,6,2021/12/23 21:27,2021/12/27 21:46,2022/12/27 22:57,2023/12/28 23:59
961,3,4,2024/4/15 16:43,2024/12/24 21:54,2024/12/29 21:54,2024/12/30 22:57
650,2,2,2020/2/19 19:21,2022/12/21 21:48,2024/12/21 21:57,2024/12/27 23:57
61,1,7,2022/11/7 20:41,2023/11/25 20:43,2024/12/29 22:52,2024/12/29 22:52
220,5,10,2023/7/17 12:54,2023/11/21 18:56,2024/11/27 22:57,2024/12/29 22:58
194,5,3,2023/9/6 23:56,2024/10/29 23:59,2024/12/30 23:59,2024/12/30 23:59
786,7,2,2023/11/30 15:54,2024/12/30 18:55,2024/12/30 21:59,2024/12/30 23:59
610,2,2,2024/8/26 22:33,2024/10/29 22:48,2024/10/30 22:57,2024/12/30 22:59
965,6,4,2019/12/8 16:50,2021/12/22 21:58,2021/12/30 23:58,2022/12/30 23:59
231,7,3,2022/5/26 23:22,2024/7/30 23:47,2024/8/30 23:55,2024/10/30 23:55
436,6,10,2021/6/19 12:10,2021/8/28 20:23,2022/12/28 20:23,2022/12/29 20:58
324,3,8,2024/9/18 20:36,2024/11/22 23:59,2024/12/24 23:59,2024/12/25 23:59
665,3,4,2021/10/22 13:49,2024/10/27 19:56,2024/10/29 22:57,2024/10/30 23:58
547,3,10,2022/4/23 20:55,2024/12/24 22:55,2024/12/24 23:58,2024/12/27 23:58
868,3,7,2024/3/4 18:23,2024/6/22 18:41,2024/8/22 23:43,2024/8/25 23:45
86,4,6,2021/10/16 17:21,2024/11/19 21:33,2024/12/25 23:38,2024/12/26 23:48
530,3,2,2019/2/9 16:13,2023/3/24 23:14,2023/3/24 23:44,2023/10/24 23:45
536,5,2,2019/7/30 12:33,2019/7/30 13:58,2023/11/30 17:58,2024/12/30 22:59
422,1,3,2019/12/20 10:16,2024/12/24 19:55,2024/12/30 22:58,2024/12/30 23:59
520,2,10,2019/7/24 10:31,2024/9/24 19:50,2024/10/28 22:57,2024/12/30 22:57
187,3,6,2022/12/30 16:30,2022/12/30 22:45,2023/12/30 22:55,2024/12/30 22:57
167,4,3,2021/6/18 19:27,2023/10/23 21:53,2023/11/28 21:56,2023/11/30 22:56
283,2,2,2021/3/7 22:29,2022/9/16 22:57,2024/10/16 22:58,2024/10/24 22:58
987,3,4,2020/1/22 22:18,2024/10/28 22:59,2024/12/28 23:59,2024/12/28 23:59
884,2,10,2024/3/13 16:44,2024/5/16 20:48,2024/5/23 21:53,2024/7/29 21:53
330,2,3,2022/7/6 10:48,2023/8/10 15:55,2023/9/20 19:58,2024/11/24 21:59
348,4,7,2024/4/30 15:54,2024/8/30 21:58,2024/9/30 21:59,2024/9/30 23:59
270,1,3,2022/7/10 12:59,2023/8/20 22:59,2023/9/20 22:59,2023/9/26 23:59
472,3,7,2020/11/3 14:51,2020/11/27 17:54,2021/12/27 21:59,2024/12/27 21:59
397,5,1,2021/4/4 12:31,2022/9/20 12:36,2023/12/24 20:53,2023/12/28 20:56
626,3,3,2024/8/12 21:57,2024/11/15 22:57,2024/11/30 23:57,2024/11/30 23:57
70,1,3,2024/3/16 19:41,2024/7/19 20:59,2024/8/24 22:59,2024/11/27 22:59
909,4,7,2023/11/19 13:25,2024/11/25 19:47,2024/12/25 22:52,2024/12/26 22:53
757,1,7,2021/11/30 11:53,2022/12/30 17:53,2022/12/30 19:59,2022/12/30 23:59
621,4,8,2020/12/1 12:10,2023/12/18 22:31,2024/12/21 22:43,2024/12/29 22:59
944,4,8,2021/5/10 18:46,2021/6/21 20:54,2021/8/28 23:56,2021/9/28 23:57
110,3,2,2023/7/18 22:59,2024/7/18 23:59,2024/12/29 23:59,2024/12/30 23:59
347,1,8,2020/10/15 14:38,2021/11/17 22:52,2023/11/22 23:58,2024/11/22 23:59
141,6,8,2024/10/26 21:32,2024/10/26 23:46,2024/11/29 23:51,2024/11/29 23:52
675,1,5,2022/1/10 21:25,2024/7/14 21:57,2024/11/14 21:59,2024/12/27 23:59
384,4,7,2021/3/18 15:46,2021/6/22 20:56,2024/12/24 23:56,2024/12/27 23:58
288,6,4,2019/8/18 15:58,2019/9/25 19:59,2020/11/25 22:59,2020/12/25 22:59
578,5,10,2019/2/14 22:53,2021/8/17 22:55,2023/10/19 22:55,2024/10/25 22:55
577,2,9,2019/12/15 18:42,2020/12/26 18:43,2023/12/29 20:49,2024/12/30 22:52
486,3,3,2020/4/10 15:30,2020/8/25 18:48,2022/11/29 21:57,2024/12/30 21:58
188,7,6,2023/3/20 23:35,2023/4/20 23:46,2023/5/20 23:46,2023/5/21 23:53
321,1,7,2021/5/28 12:34,2024/7/29 21:36,2024/9/30 21:39,2024/11/30 23:44
76,2,4,2020/4/26 12:18,2024/10/29 22:49,2024/10/29 22:55,2024/12/29 23:57
588,2,9,2020/4/16 17:34,2022/7/21 22:53,2022/9/21 23:54,2022/12/22 23:54
650,6,2,2024/12/20 22:17,2024/12/27 22:27,2024/12/28 23:49,2024/12/29 23:52
776,7,6,2023/11/27 15:20,2023/12/30 22:43,2023/12/30 23:45,2024/12/30 23:48
743,3,2,2024/12/14 23:35,2024/12/26 23:42,2024/12/27 23:57,2024/12/27 23:59
857,4,5,2020/11/27 12:56,2023/11/30 13:56,2024/11/30 20:57,2024/11/30 21:59
482,2,9,2021/12/2 10:10,2021/12/27 23:28,2024/12/29 23:52,2024/12/30 23:54
786,5,3,2020/8/17 17:43,2023/9/25 21:46,2024/10/25 21:47,2024/12/25 22:51
244,4,6,2022/1/13 18:10,2022/6/24 21:38,2024/10/25 22:38,2024/10/30 23:59
583,1,2,2024/11/3 12:43,2024/11/29 22:47,2024/11/29 23:55,2024/11/30 23:59
342,2,2,2021/1/29 11:52,2022/4/29 14:57,2022/7/29 20:58,2023/9/30 20:58
349,5,7,2020/7/8 21:17,2023/12/20 23:41,2023/12/28 23:41,2024/12/29 23:51
233,2,1,2021/12/28 15:33,2022/12/30 15:53,2023/12/30 15:59,2023/12/30 20:59
411,1,5,2020/5/16 20:33,2020/12/18 21:48,2020/12/29 22:49,2020/12/30 22:57
893,2,4,2022/12/23 22:51,2023/12/26 22:58,2023/12/26 22:59,2024/12/30 23:59
941,5,6,2022/2/28 23:30,2023/4/29 23:42,2024/10/29 23:54,2024/12/29 23:57
702,3,5,2024/1/3 15:47,2024/7/14 18:53,2024/9/23 20:53,2024/11/25 22:57
740,7,8,2021/11/23 21:27,2022/11/28 21:45,2022/12/30 22:50,2023/12/30 22:59
368,3,1,2021/7/8 15:26,2024/7/26 19:34,2024/10/28 23:47,2024/11/29 23:49
501,6,5,2022/7/5 10:15,2024/7/23 10:41,2024/10/23 16:43,2024/10/27 16:58
793,2,9,2020/10/17 13:16,2023/10/19 18:27,2024/10/29 22:31,2024/10/30 23:38
456,7,9,2019/7/19 12:32,2019/9/19 17:52,2019/11/19 20:59,2023/11/20 23:59
890,4,4,2020/3/7 14:24,2022/9/28 21:30,2022/10/30 21:44,2022/12/30 23:48
937,5,4,2019/6/7 17:29,2019/9/14 19:40,2019/9/24 21:52,2023/10/28 23:59
454,7,8,2024/1/29 13:12,2024/11/30 19:27,2024/12/30 21:40,2024/12/30 23:45
592,5,10,2021/7/5 12:49,2021/10/28 19:53,2021/12/28 20:58,2024/12/29 22:59
959,2,4,2021/10/5 12:58,2021/11/24 23:59,2023/12/26 23:59,2023/12/30 23:59
661,4,5,2024/4/11 12:48,2024/9/22 18:50,2024/9/28 19:57,2024/11/30 23:58
511,2,2,2022/3/27 13:44,2022/4/30 13:52,2022/4/30 23:59,2023/9/30 23:59
31,1,6,2020/11/28 16:51,2024/11/28 20:58,2024/11/28 23:59,2024/12/30 23:59
511,7,10,2020/3/18 10:25,2020/9/22 19:30,2023/12/25 23:46,2023/12/25 23:46
780,2,8,2022/9/16 21:25,2022/9/29 23:29,2024/10/30 23:43,2024/11/30 23:53
415,3,10,2019/10/25 16:23,2022/12/28 20:35,2023/12/29 21:59,2024/12/30 22:59
294,7,9,2021/1/8 22:17,2022/3/16 22:52,2022/5/23 22:58,2023/5/29 22:58
736,5,10,2023/9/29 19:52,2023/12/30 23:55,2024/12/30 23:55,2024/12/30 23:59
160,1,1,2023/6/30 17:38,2024/11/30 17:59,2024/12/30 23:59,2024/12/30 23:59
92,4,1,2023/3/8 22:36,2023/12/13 23:42,2023/12/15 23:58,2024/12/26 23:59
563,3,7,2021/4/8 16:22,2021/11/15 16:41,2024/11/25 16:50,2024/11/28 21:55
653,6,8,2023/1/4 18:28,2023/5/9 19:55,2024/6/23 19:57,2024/12/30 19:58
601,2,3,2024/11/22 14:35,2024/11/25 23:39,2024/12/27 23:40,2024/12/30 23:49
437,5,2,2022/4/15 22:28,2024/4/16 23:43,2024/10/17 23:57,2024/12/26 23:59
